glyph_name,ps_name,USV,DesignerOrder,bcp47tags,Feat
.notdef,.notdef,,0,,
.null,.null,,1,,
nonmarkingreturn,nonmarkingreturn,,2,,
space,space,0020,4,,
tab,tab,,7,,
exclam,exclam,0021,8,,
quotedbl,quotedbl,0022,10,,
numbersign,numbersign,0023,11,,
dollar,dollar,0024,12,,
percent,percent,0025,13,,
ampersand,ampersand,0026,14,,
quotesingle,quotesingle,0027,15,,
parenleft,parenleft,0028,16,,
parenright,parenright,0029,18,,
asterisk,asterisk,002A,20,,
plus,plus,002B,22,,
comma,comma,002C,23,,
hyphentwo,uni2010,2010,24,,
hyphen,hyphen,002D,25,,
period,period,002E,26,,
period.test,period.test,,27,,
slash,slash,002F,28,,
zero,zero,0030,29,,
zero.medium,zero.medium,,30,,
zero.small,zero.small,,31,,
one,one,0031,32,,
one.medium,one.medium,,33,,
one.small,one.small,,34,,
two,two,0032,36,,
two.medium,two.medium,,37,,
two.small,two.small,,38,,
three,three,0033,40,,
three.medium,three.medium,,41,,
three.small,three.small,,42,,
four,four,0034,44,,
four.medium,four.medium,,45,,
four.small,four.small,,46,,
five,five,0035,48,,
five.medium,five.medium,,49,,
five.small,five.small,,50,,
six,six,0036,51,,
six.medium,six.medium,,52,,
six.small,six.small,,53,,
seven,seven,0037,54,,
seven.medium,seven.medium,,55,,
seven.small,seven.small,,56,,
eight,eight,0038,57,,
eight.medium,eight.medium,,58,,
eight.small,eight.small,,59,,
nine,nine,0039,60,,
nine.medium,nine.medium,,61,,
nine.small,nine.small,,62,,
colon,colon,003A,63,,
semicolon,semicolon,003B,65,,
less,less,003C,66,,
equal,equal,003D,67,,
greater,greater,003E,68,,
question,question,003F,69,,
at,at,0040,70,,
A,A,0041,71,,
B,B,0042,72,,
C,C,0043,73,,
D,D,0044,74,,
E,E,0045,75,,
F,F,0046,76,,
G,G,0047,77,,
H,H,0048,78,,
I,I,0049,79,,
J,J,004A,80,,
K,K,004B,81,,
L,L,004C,82,,
M,M,004D,83,,
N,N,004E,84,,
O,O,004F,85,,
P,P,0050,86,,
Q,Q,0051,87,,
R,R,0052,88,,
S,S,0053,89,,
T,T,0054,90,,
U,U,0055,91,,
V,V,0056,92,,
W,W,0057,93,,
X,X,0058,94,,
Y,Y,0059,95,,
Z,Z,005A,96,,
bracketleft,bracketleft,005B,97,,
bracketright,bracketright,005D,98,,
backslash,backslash,005C,99,,
underscore,underscore,005F,100,,
a,a,0061,101,,
b,b,0062,102,,
c,c,0063,103,,
d,d,0064,104,,
e,e,0065,105,,
f,f,0066,106,,
g,g,0067,107,,
h,h,0068,108,,
i,i,0069,109,,
j,j,006A,110,,
k,k,006B,111,,
l,l,006C,112,,
m,m,006D,113,,
n,n,006E,114,,
o,o,006F,115,,
p,p,0070,116,,
q,q,0071,117,,
r,r,0072,118,,
s,s,0073,119,,
t,t,0074,120,,
u,u,0075,121,,
v,v,0076,122,,
w,w,0077,123,,
x,x,0078,124,,
y,y,0079,125,,
z,z,007A,126,,
braceleft,braceleft,007B,127,,
braceright,braceright,007D,128,,
bar,bar,007C,129,,
asciitilde,asciitilde,007E,130,,
nbspace,uni00A0,00A0,131,,
exclamdown,exclamdown,00A1,134,,
cent,cent,00A2,135,,
sterling,sterling,00A3,136,,
currency,currency,00A4,137,,
yen,yen,00A5,138,,
brokenbar,brokenbar,00A6,139,,
section,section,00A7,140,,
copyright,copyright,00A9,141,,
registered,registered,00AE,142,,
ordfeminine,ordfeminine,00AA,143,,
guillemetleft,guillemotleft,00AB,144.1,,
guillemetleft.latn,guillemotleft.latn,,144.2,,
logicalnot,logicalnot,00AC,145,,
softhyphen,uni00AD,00AD,146,,
degree,degree,00B0,147,,
plusminus,plusminus,00B1,148,,
asciicircum,asciicircum,005E,149,,
micro,uni00B5,00B5,150,,
paragraph,paragraph,00B6,151,,
periodcentered,periodcentered,00B7,152,,
ordmasculine,ordmasculine,00BA,153,,
guillemetright,guillemotright,00BB,154.1,,
guillemetright.latn,guillemotright.latn,,154.2,,
onesuperior,onesuperior,00B9,155,,
twosuperior,twosuperior,00B2,156,,
threesuperior,threesuperior,00B3,157,,
foursuperior,uni2074,2074,158,,
onehalf,onehalf,00BD,159,,
onequarter,onequarter,00BC,160,,
threequarters,threequarters,00BE,161,,
questiondown,questiondown,00BF,162,,
Agrave,Agrave,00C0,163,,
Aacute,Aacute,00C1,164,,
Acircumflex,Acircumflex,00C2,165,,
Atilde,Atilde,00C3,166,,
Adieresis,Adieresis,00C4,167,,
Aring,Aring,00C5,168,,
AE,AE,00C6,169,,
Ccedilla,Ccedilla,00C7,170,,
Egrave,Egrave,00C8,171,,
Eacute,Eacute,00C9,172,,
Ecircumflex,Ecircumflex,00CA,173,,
Edieresis,Edieresis,00CB,174,,
Igrave,Igrave,00CC,175,,
Iacute,Iacute,00CD,176,,
Icircumflex,Icircumflex,00CE,177,,
Idieresis,Idieresis,00CF,178,,
Eth,Eth,00D0,179,,
Ntilde,Ntilde,00D1,180,,
Ograve,Ograve,00D2,181,,
Oacute,Oacute,00D3,182,,
Ocircumflex,Ocircumflex,00D4,183,,
Otilde,Otilde,00D5,184,,
Odieresis,Odieresis,00D6,185,,
multiply,multiply,00D7,186,,
Oslash,Oslash,00D8,187,,
Ugrave,Ugrave,00D9,188,,
Uacute,Uacute,00DA,189,,
Ucircumflex,Ucircumflex,00DB,190,,
Udieresis,Udieresis,00DC,191,,
Yacute,Yacute,00DD,192,,
Thorn,Thorn,00DE,193,,
germandbls,germandbls,00DF,194,,
agrave,agrave,00E0,195,,
aacute,aacute,00E1,196,,
acircumflex,acircumflex,00E2,197,,
atilde,atilde,00E3,198,,
adieresis,adieresis,00E4,199,,
aring,aring,00E5,200,,
ae,ae,00E6,201,,
ccedilla,ccedilla,00E7,202,,
egrave,egrave,00E8,203,,
eacute,eacute,00E9,204,,
ecircumflex,ecircumflex,00EA,205,,
edieresis,edieresis,00EB,206,,
igrave,igrave,00EC,207,,
iacute,iacute,00ED,208,,
icircumflex,icircumflex,00EE,209,,
idieresis,idieresis,00EF,210,,
eth,eth,00F0,211,,
ntilde,ntilde,00F1,212,,
ograve,ograve,00F2,213,,
oacute,oacute,00F3,214,,
ocircumflex,ocircumflex,00F4,215,,
otilde,otilde,00F5,216,,
odieresis,odieresis,00F6,217,,
divide,divide,00F7,218,,
oslash,oslash,00F8,219,,
ugrave,ugrave,00F9,220,,
uacute,uacute,00FA,221,,
ucircumflex,ucircumflex,00FB,222,,
udieresis,udieresis,00FC,223,,
yacute,yacute,00FD,224,,
thorn,thorn,00FE,225,,
ydieresis,ydieresis,00FF,226,,
idotless,dotlessi,0131,227,,
OE,OE,0152,228,,
oe,oe,0153,229,,
Scaron,Scaron,0160,230,,
scaron,scaron,0161,231,,
Ydieresis,Ydieresis,0178,232,,
Zcaron,Zcaron,017D,233,,
zcaron,zcaron,017E,234,,
florin,florin,0192,235,,
colontriangularmod,uni02D0,02D0,236,,
grave,grave,0060,237,,
macron,macron,00AF,238,,
dieresis,dieresis,00A8,239,,
acute,acute,00B4,240,,
cedilla,cedilla,00B8,241,,
circumflex,circumflex,02C6,242,,
caron,caron,02C7,243,,
firsttonechinese,uni02C9,02C9,244,,
breve,breve,02D8,245,,
dotaccent,dotaccent,02D9,246,,
ring,ring,02DA,247,,
ogonek,ogonek,02DB,248,,
tilde,tilde,02DC,249,,
hungarumlaut,hungarumlaut,02DD,250,,
graphemejoinercomb,uni034F,034F,280,,# invs
pi,pi,03C0,281,,
hamza-ar,uni0621,0621,282,,
highhamza-ar,uni0674,0674,283,,
rounddotbaseline-ar,uni0887,0887,283.1,,
rounddotraised-ar,uni0888,0888,283.2,,
alef-ar,uni0627,0627,284,,
alef-ar.fina,uni0627.fina,,291,,
_alef-ar.fina.postLamIni,,,298,,
_alef-ar.fina.postLamMed,,,299,,
alefHamzaabove-ar,uni0623,0623,300,,
alefHamzaabove-ar.fina,uni0623.fina,,301,,
_alefHamzaabove-ar.fina.postLamIni,,,302,,
_alefHam_zaabove-ar.fina.postLamMed,,,303,,
alefHamzabelow-ar,uni0625,0625,308,,
alefHamzabelow-ar.fina,uni0625.fina,,309,,
_alefHamzabelow-ar.fina.postLamIni,,,310,,
_alefHamzabelow-ar.fina.postLamMed,,,311,,
alefWavyhamzaabove-ar,uni0672,0672,314,,
alefWavyhamzaabove-ar.fina,uni0672.fina,,315,,
_alefWavyhamzaabove-ar.fina.postLamIni,,,316,,
_alefWavyhamzaabove-ar.fina.postLamMed,,,317,,
alefWavyhamzabelow-ar,uni0673,0673,318,,
alefWavyhamzabelow-ar.fina,uni0673.fina,,319,,
_alefWavyhamzabelow-ar.fina.postLamIni,,,320,,
_alefWavyhamzabelow-ar.fina.postLamMed,,,321,,
alefMadda-ar,uni0622,0622,322,,
alefMadda-ar.fina,uni0622.fina,,323,,
_alefMadda-ar.fina.postLamIni,,,324,,
_alefMadda-ar.fina.postLamMed,,,325,,
alefMadda-ar.small,uni0622.small,,326,,cv60=1
alefMadda-ar.fina.small,uni0622.fina.small,,327,,cv60=1
_alefMadda-ar.fina.postLamIni.small,,,328,,cv60=1
_alefMadda-ar.fina.postLamMed.small,,,329,,cv60=1
alefWasla-ar,uni0671,0671,330,,
alefWasla-ar.fina,uni0671.fina,,331,,
_alefWasla-ar.fina.postLamIni,,,332,,
_alefWasla-ar.fina.postLamMed,,,333,,
highhamzaAlef-ar,uni0675,0675,334,,
highhamzaAlef-ar.fina,uni0675.fina,,335,,
_highhamzaAlef-ar.fina.postLamIni,,,336,,
_highhamzaAlef-ar.fina.postLamMed,,,337,,
alefTwoabove-ar,uni0773,0773,338,,
alefTwoabove-ar.fina,uni0773.fina,,339,,
_alefTwoabove-ar.fina.postLamIni,,,340,,
_alefTwoabove-ar.fina.postLamMed,,,341,,
alefThreeabove-ar,uni0774,0774,342,,
alefThreeabove-ar.fina,uni0774.fina,,343,,
_alefThreeabove-ar.fina.postLamIni,,,344,,
_alefThreeabove-ar.fina.postLamMed,,,345,,
alefFathaattached-ar,uni0870,0870,345.11,,
alefFathaattached-ar.fina,uni0870.fina,,345.12,,
alefToprightfathaattached-ar,uni0871,0871,345.21,,
alefToprightfathaattached-ar.fina,uni0871.fina,,345.22,,
alefRightmiddlestroke-ar,uni0872,0872,345.31,,
alefRightmiddlestroke-ar.fina,uni0872.fina,,345.32,,
alefLeftmiddlestroke-ar,uni0873,0873,345.41,,
alefLeftmiddlestroke-ar.fina,uni0873.fina,,345.42,,
alefKasraattached-ar,uni0874,0874,345.51,,
alefKasraattached-ar.fina,uni0874.fina,,345.52,,
alefBottomrightkasraattached-ar,uni0875,0875,345.61,,
alefBottomrightkasraattached-ar.fina,uni0875.fina,,345.62,,
alefRounddotaboveattached-ar,uni0876,0876,345.71,,
alefRounddotaboveattached-ar.fina,uni0876.fina,,345.72,,
alefRightrounddotattached-ar,uni0877,0877,345.81,,
alefRightrounddotattached-ar.fina,uni0877.fina,,345.82,,
alefLeftrounddotattached-ar,uni0878,0878,345.91,,
alefLeftrounddotattached-ar.fina,uni0878.fina,,345.92,,
alefRounddotbelowattached-ar,uni0879,0879,346.11,,
alefRounddotbelowattached-ar.fina,uni0879.fina,,346.12,,
alefDotabove-ar,uni087A,087A,346.21,,
alefDotabove-ar.fina,uni087A.fina,,346.22,,
alefToprightfathaattachedDotabove-ar,uni087B,087B,346.31,,
alefToprightfathaattachedDotabove-ar.fina,uni087B.fina,,346.32,,
alefRightmiddlestrokeDotabove-ar,uni087C,087C,346.41,,
alefRightmiddlestrokeDotabove-ar.fina,uni087C.fina,,346.42,,
alefBottomrightkasraattachedDotabove-ar,uni087D,087D,346.51,,
alefBottomrightkasraattachedDotabove-ar.fina,uni087D.fina,,346.52,,
alefToprightfathaattachedLeftring-ar,uni087E,087E,346.61,,
alefToprightfathaattachedLeftring-ar.fina,uni087E.fina,,346.62,,
alefRightmiddlestrokeLeftring-ar,uni087F,087F,346.71,,
alefRightmiddlestrokeLeftring-ar.fina,uni087F.fina,,346.72,,
alefBottomrightkasraattachedLeftring-ar,uni0880,0880,346.81,,
alefBottomrightkasraattachedLeftring-ar.fina,uni0880.fina,,346.82,,
alefRighthamzaattached-ar,uni0881,0881,346.91,,
alefRighthamzaattached-ar.fina,uni0881.fina,,346.92,,
alefLefthamzaattached-ar,uni0882,0882,347.11,,
alefLefthamzaattached-ar.fina,uni0882.fina,,347.12,,
behDotless-ar,uni066E,066E,350,,
behDotless-ar.fina,uni066E.fina,,351,,
behDotless-ar.medi,uni066E.medi,,352,,
behDotless-ar.init,uni066E.init,,353,,
beh-ar,uni0628,0628,355,,
beh-ar.fina,uni0628.fina,,356,,
beh-ar.medi,uni0628.medi,,357,,
beh-ar.init,uni0628.init,,358,,
peh-ar,uni067E,067E,361,,
peh-ar.fina,uni067E.fina,,362,,
peh-ar.medi,uni067E.medi,,363,,
peh-ar.init,uni067E.init,,364,,
pehVabove-ar,uni08BE,08BE,366,,
pehVabove-ar.fina,uni08BE.fina,,367,,
pehVabove-ar.medi,uni08BE.medi,,368,,
pehVabove-ar.init,uni08BE.init,,369,,
beeh-ar,uni067B,067B,370,,
beeh-ar.fina,uni067B.fina,,371,,
beeh-ar.medi,uni067B.medi,,372,,
beeh-ar.init,uni067B.init,,373,,
beheh-ar,uni0680,0680,380,,
beheh-ar.fina,uni0680.fina,,381,,
beheh-ar.medi,uni0680.medi,,382,,
beheh-ar.init,uni0680.init,,383,,
teh-ar,uni062A,062A,384,,
teh-ar.fina,uni062A.fina,,385,,
teh-ar.medi,uni062A.medi,,386,,
teh-ar.init,uni062A.init,,387,,
tehRing-ar,uni067C,067C,389,,
tehRing-ar.fina,uni067C.fina,,390,,
tehRing-ar.medi,uni067C.medi,,391,,
tehRing-ar.init,uni067C.init,,392,,
tehThreedotsdown-ar,uni067D,067D,393,,
tehThreedotsdown-ar.fina,uni067D.fina,,394,,
tehThreedotsdown-ar.medi,uni067D.medi,,395,,
tehThreedotsdown-ar.init,uni067D.init,,396,,
tehVabove-ar,uni08BF,08BF,397,,
tehVabove-ar.fina,uni08BF.fina,,398,,
tehVabove-ar.medi,uni08BF.medi,,399,,
tehVabove-ar.init,uni08BF.init,,400,,
theh-ar,uni062B,062B,401,,
theh-ar.fina,uni062B.fina,,402,,
theh-ar.medi,uni062B.medi,,403,,
theh-ar.init,uni062B.init,,404,,
tteh-ar,uni0679,0679,406,,
tteh-ar.fina,uni0679.fina,,407,,
tteh-ar.medi,uni0679.medi,,408,,
tteh-ar.init,uni0679.init,,409,,
ttehVabove-ar,uni08C0,08C0,410,,
ttehVabove-ar.fina,uni08C0.fina,,411,,
ttehVabove-ar.medi,uni08C0.medi,,412,,
ttehVabove-ar.init,uni08C0.init,,413,,
tteheh-ar,uni067A,067A,414,,
tteheh-ar.fina,uni067A.fina,,415,,
tteheh-ar.medi,uni067A.medi,,416,,
tteheh-ar.init,uni067A.init,,417,,
teheh-ar,uni067F,067F,418,,
teheh-ar.fina,uni067F.fina,,419,,
teheh-ar.medi,uni067F.medi,,420,,
teheh-ar.init,uni067F.init,,421,,
behThreedotshorizontalbelow-ar,uni0750,0750,422,,
behThreedotshorizontalbelow-ar.fina,uni0750.fina,,423,,
behThreedotshorizontalbelow-ar.medi,uni0750.medi,,424,,
behThreedotshorizontalbelow-ar.init,uni0750.init,,425,,
behThreedotsupabove-ar,uni0751,0751,426,,
behThreedotsupabove-ar.fina,uni0751.fina,,427,,
behThreedotsupabove-ar.medi,uni0751.medi,,428,,
behThreedotsupabove-ar.init,uni0751.init,,430,,
behThreedotsupbelow-ar,uni0752,0752,436,,
behThreedotsupbelow-ar.fina,uni0752.fina,,438,,
behThreedotsupbelow-ar.medi,uni0752.medi,,440,,
behThreedotsupbelow-ar.init,uni0752.init,,442,,
tehThreedotsupbelow-ar,uni0753,0753,444,,
tehThreedotsupbelow-ar.fina,uni0753.fina,,446,,
tehThreedotsupbelow-ar.medi,uni0753.medi,,448,,
tehThreedotsupbelow-ar.init,uni0753.init,,450,,
behTwodotsbelowDotabove-ar,uni0754,0754,452,,
behTwodotsbelowDotabove-ar.fina,uni0754.fina,,454,,
behTwodotsbelowDotabove-ar.medi,uni0754.medi,,455,,
behTwodotsbelowDotabove-ar.init,uni0754.init,,456,,
behVinvertedbelow-ar,uni0755,0755,457,,
behVinvertedbelow-ar.fina,uni0755.fina,,458,,
behVinvertedbelow-ar.medi,uni0755.medi,,459,,
behVinvertedbelow-ar.init,uni0755.init,,460,,
behVabove-ar,uni0756,0756,462,,
behVabove-ar.fina,uni0756.fina,,463,,
behVabove-ar.medi,uni0756.medi,,464,,
behVabove-ar.init,uni0756.init,,465,,
behVbelow-ar,uni08A0,08A0,467,,
behVbelow-ar.fina,uni08A0.fina,,468,,
behVbelow-ar.medi,uni08A0.medi,,469,,
behVbelow-ar.init,uni08A0.init,,470,,
behhamzaabove-ar,uni08A1,08A1,472,,
behhamzaabove-ar.fina,uni08A1.fina,,473,,
behhamzaabove-ar.medi,uni08A1.medi,,474,,
behhamzaabove-ar.init,uni08A1.init,,475,,
tehTehabove-ar,uni08B8,08B8,477,,
tehTehabove-ar.fina,uni08B8.fina,,478,,
tehTehabove-ar.medi,uni08B8.medi,,479,,
tehTehabove-ar.init,uni08B8.init,,480,,
behMeemabove-ar,uni08B6,08B6,481,,
behMeemabove-ar.fina,uni08B6.fina,,482,,
behMeemabove-ar.medi,uni08B6.medi,,483,,
behMeemabove-ar.init,uni08B6.init,,484,,
pehMeemabove-ar,uni08B7,08B7,485,,
pehMeemabove-ar.fina,uni08B7.fina,,486,,
pehMeemabove-ar.medi,uni08B7.medi,,487,,
pehMeemabove-ar.init,uni08B7.init,,488,,
jeem-ar,uni062C,062C,489,,
jeem-ar.fina,uni062C.fina,,490,,
jeem-ar.medi,uni062C.medi,,491,,
jeem-ar.init,uni062C.init,,492,,
tcheh-ar,uni0686,0686,499,,
tcheh-ar.fina,uni0686.fina,,500,,
tcheh-ar.medi,uni0686.medi,,501,,
tcheh-ar.init,uni0686.init,,502,,
tcheheh-ar,uni0687,0687,504,,
tcheheh-ar.fina,uni0687.fina,,505,,
tcheheh-ar.medi,uni0687.medi,,506,,
tcheheh-ar.init,uni0687.init,,507,,
tchehDotabove-ar,uni06BF,06BF,509,,
tchehDotabove-ar.fina,uni06BF.fina,,510,,
tchehDotabove-ar.medi,uni06BF.medi,,511,,
tchehDotabove-ar.init,uni06BF.init,,512,,
tchehVabove-ar,uni08C1,08C1,514,,
tchehVabove-ar.fina,uni08C1.fina,,515,,
tchehVabove-ar.medi,uni08C1.medi,,516,,
tchehVabove-ar.init,uni08C1.init,,518,,
nyeh-ar,uni0683,0683,519,,
nyeh-ar.fina,uni0683.fina,,520,,
nyeh-ar.medi,uni0683.medi,,521,,
nyeh-ar.init,uni0683.init,,522,,
dyeh-ar,uni0684,0684,529,,
dyeh-ar.fina,uni0684.fina,,530,,
dyeh-ar.medi,uni0684.medi,,531,,
dyeh-ar.init,uni0684.init,,532,,
hah-ar,uni062D,062D,534,,
hah-ar.fina,uni062D.fina,,535,,
hah-ar.medi,uni062D.medi,,536,,
hah-ar.init,uni062D.init,,537,,
hahHamzaabove-ar,uni0681,0681,544,,
hahHamzaabove-ar.fina,uni0681.fina,,545,,
hahHamzaabove-ar.medi,uni0681.medi,,546,,
hahHamzaabove-ar.init,uni0681.init,,547,,
hahTwodotsverticalabove-ar,uni0682,0682,549,,
hahTwodotsverticalabove-ar.fina,uni0682.fina,,550,,
hahTwodotsverticalabove-ar.medi,uni0682.medi,,551,,
hahTwodotsverticalabove-ar.init,uni0682.init,,552,,
hahTwodotshorizontalabove-ar,uni0757,0757,554,,
hahTwodotshorizontalabove-ar.fina,uni0757.fina,,555,,
hahTwodotshorizontalabove-ar.medi,uni0757.medi,,556,,
hahTwodotshorizontalabove-ar.init,uni0757.init,,557,,
hahThreedotsabove-ar,uni0685,0685,559,,
hahThreedotsabove-ar.fina,uni0685.fina,,560,,
hahThreedotsabove-ar.medi,uni0685.medi,,561,,
hahThreedotsabove-ar.init,uni0685.init,,562,,
hahThreedotsupbelow-ar,uni0758,0758,564,,
hahThreedotsupbelow-ar.fina,uni0758.fina,,566,,
hahThreedotsupbelow-ar.medi,uni0758.medi,,568,,
hahThreedotsupbelow-ar.init,uni0758.init,,570,,
hahVinvertedbelow-ar,uni088A,088A,572.1,,
hahVinvertedbelow-ar.fina,uni088A.fina,,572.2,,
hahVinvertedbelow-ar.medi,uni088A.medi,,572.3,,
hahVinvertedbelow-ar.init,uni088A.init,,572.4,,
khah-ar,uni062E,062E,573,,
khah-ar.fina,uni062E.fina,,574,,
khah-ar.medi,uni062E.medi,,575,,
khah-ar.init,uni062E.init,,576,,
hahTahbelow-ar,uni076E,076E,583,,
hahTahbelow-ar.fina,uni076E.fina,,584,,
hahTahbelow-ar.medi,uni076E.medi,,585,,
hahTahbelow-ar.init,uni076E.init,,587,,
hahTahTwodotshorizontalbelow-ar,uni076F,076F,588,,
hahTahTwodotshorizontalbelow-ar.fina,uni076F.fina,,589,,
hahTahTwodotshorizontalbelow-ar.medi,uni076F.medi,,590,,
hahTahTwodotshorizontalbelow-ar.init,uni076F.init,,592,,
hahTahabove-ar,uni0772,0772,593,,
hahTahabove-ar.fina,uni0772.fina,,594,,
hahTahabove-ar.medi,uni0772.medi,,595,,
hahTahabove-ar.init,uni0772.init,,597,,
hahFourbelow-ar,uni077C,077C,598,,
hahFourbelow-ar.fina,uni077C.fina,,599,,
hahFourbelow-ar.medi,uni077C.medi,,600,,
hahFourbelow-ar.init,uni077C.init,,602,,
jeemTwodotsabove-ar,uni08A2,08A2,603,,
jeemTwodotsabove-ar.fina,uni08A2.fina,,604,,
jeemTwodotsabove-ar.medi,uni08A2.medi,,605,,
jeemTwodotsabove-ar.init,uni08A2.init,,606,,
jeemThreedotsabove-ar,uni08C5,08C5,608,,
jeemThreedotsabove-ar.fina,uni08C5.fina,,609,,
jeemThreedotsabove-ar.medi,uni08C5.medi,,610,,
jeemThreedotsabove-ar.init,uni08C5.init,,612,,
jeemThreedotsbelow-ar,uni08C6,08C6,613,,
jeemThreedotsbelow-ar.fina,uni08C6.fina,,614,,
jeemThreedotsbelow-ar.medi,uni08C6.medi,,615,,
jeemThreedotsbelow-ar.init,uni08C6.init,,617,,
dal-ar,uni062F,062F,618,,
dal-ar.fina,uni062F.fina,,619,,
dal-ar.loclWLF,uni062F.loclWLF,,622,wo,cv12=1
thal-ar,uni0630,0630,624,,
thal-ar.fina,uni0630.fina,,625,,
thal-ar.loclWLF,uni0630.loclWLF,,626,wo,cv12=1
ddal-ar,uni0688,0688,630,,
ddal-ar.fina,uni0688.fina,,631,,
ddal-ar.loclWLF,uni0688.loclWLF,,632,wo,cv12=1
dahal-ar,uni068C,068C,634,,
dahal-ar.fina,uni068C.fina,,635,,
dahal-ar.loclWLF,uni068C.loclWLF,,636,wo,cv12=1
ddahal-ar,uni068D,068D,638,,
ddahal-ar.fina,uni068D.fina,,639,,
ddahal-ar.loclWLF,uni068D.loclWLF,,640,wo,cv12=1
dalRing-ar,uni0689,0689,642,,
dalRing-ar.fina,uni0689.fina,,643,,
dalRing-ar.loclWLF,uni0689.loclWLF,,644,wo,cv12=1
dalDotbelow-ar,uni068A,068A,646,,
dalDotbelow-ar.fina,uni068A.fina,,647,,
dalDotbelow-ar.loclWLF,uni068A.loclWLF,,648,wo,cv12=1
dalDotbelowTah-ar,uni068B,068B,650,,
dalDotbelowTah-ar.fina,uni068B.fina,,651,,
dalDotbelowTah-ar.loclWLF,uni068B.loclWLF,,652,wo,cv12=1
dul-ar,uni068E,068E,654,,
dul-ar.fina,uni068E.fina,,655,,
dul-ar.loclWLF,uni068E.loclWLF,,656,wo,cv12=1
dalThreedotsdown-ar,uni068F,068F,658,,
dalThreedotsdown-ar.fina,uni068F.fina,,659,,
dalThreedotsdown-ar.loclWLF,uni068F.loclWLF,,660,wo,cv12=1
dalFourdots-ar,uni0690,0690,662,,
dalFourdots-ar.fina,uni0690.fina,,663,,
dalFourdots-ar.loclWLF,uni0690.loclWLF,,664,wo,cv12=1
dalVinvertedabove-ar,uni06EE,06EE,666,,
dalVinvertedabove-ar.fina,uni06EE.fina,,667,,
dalVinvertedabove-ar.loclWLF,uni06EE.loclWLF,,668,wo,cv12=1
dalTwodotsverticalbelowTah-ar,uni0759,0759,670,,
dalTwodotsverticalbelowTah-ar.fina,uni0759.fina,,671,,
dalTwodotsverticalbelowTah-ar.loclWLF,uni0759.loclWLF,,672,wo,cv12=1
dalVinvertedbelow-ar,uni075A,075A,674,,
dalVinvertedbelow-ar.fina,uni075A.fina,,675,,
dalVinvertedbelow-ar.loclWLF,uni075A.loclWLF,,676,wo,cv12=1
dalThreedotsbelow-ar,uni08AE,08AE,678,,
dalThreedotsbelow-ar.fina,uni08AE.fina,,679,,
dalThreedotsbelow-ar.loclWLF,uni08AE.loclWLF,,680,wo,cv12=1
reh-ar,uni0631,0631,682,,
reh-ar.fina,uni0631.fina,,683,,
zain-ar,uni0632,0632,684,,
zain-ar.fina,uni0632.fina,,685,,
zainVinvertedabove-ar,uni08B2,08B2,686,,# cv90=1
zainVinvertedabove-ar.fina,uni08B2.fina,,687,,
rreh-ar,uni0691,0691,688,,
rreh-ar.fina,uni0691.fina,,689,,
rehv-ar,uni0692,0692,690,,
rehv-ar.fina,uni0692.fina,,691,,
rehRing-ar,uni0693,0693,692,,
rehRing-ar.fina,uni0693.fina,,693,,
rehDotbelow-ar,uni0694,0694,694,,
rehDotbelow-ar.fina,uni0694.fina,,695,,
rehVbelow-ar,uni0695,0695,696,,
rehVbelow-ar.fina,uni0695.fina,,697,,
rehDotbelowdotabove-ar,uni0696,0696,698,,
rehDotbelowdotabove-ar.fina,uni0696.fina,,699,,
rehTwodots-ar,uni0697,0697,700,,
rehTwodots-ar.fina,uni0697.fina,,701,,
jeh-ar,uni0698,0698,702,,# cv90
jeh-ar.fina,uni0698.fina,,703,,
rehFourdots-ar,uni0699,0699,704,,
rehFourdots-ar.fina,uni0699.fina,,705,,
rehVinvertedabove-ar,uni06EF,06EF,706,,
rehVinvertedabove-ar.fina,uni06EF.fina,,707,,
rehStroke-ar,uni075B,075B,708,,
rehStroke-ar.fina,uni075B.fina,,709,,
rehTwodotsverticalabove-ar,uni076B,076B,710,,
rehTwodotsverticalabove-ar.fina,uni076B.fina,,711,,
rehHamzaabove-ar,uni076C,076C,712,,
rehHamzaabove-ar.fina,uni076C.fina,,713,,
rehTwodotshorizontalaboveTahabove-ar,uni0771,0771,714,,
rehTwodotshorizontalaboveTahabove-ar.fina,uni0771.fina,,715,,
rehNoonabove-ar,uni08B9,08B9,716,,
rehNoonabove-ar.fina,uni08B9.fina,,717,,
rehLoop-ar,uni08AA,08AA,718,,
rehLoop-ar.fina,uni08AA.fina,,719,,
rehHahabove-ar,uni0612,0612,720,,
rehDadabove-ar,uni0613,0613,721,,
seen-ar,uni0633,0633,722,,
seen-ar.fina,uni0633.fina,,723,,
seen-ar.medi,uni0633.medi,,724,,
seen-ar.init,uni0633.init,,725,,
seenDotbelowDotabove-ar,uni069A,069A,732,,
seenDotbelowDotabove-ar.fina,uni069A.fina,,733,,
seenDotbelowDotabove-ar.medi,uni069A.medi,,734,,
seenDotbelowDotabove-ar.init,uni069A.init,,735,,
seenThreedotsbelow-ar,uni069B,069B,736,,
seenThreedotsbelow-ar.fina,uni069B.fina,,737,,
seenThreedotsbelow-ar.medi,uni069B.medi,,738,,
seenThreedotsbelow-ar.init,uni069B.init,,739,,
sheen-ar,uni0634,0634,740,,
sheen-ar.fina,uni0634.fina,,741,,
sheen-ar.medi,uni0634.medi,,742,,
sheen-ar.init,uni0634.init,,743,,
sheenDotbelow-ar,uni06FA,06FA,750,,
sheenDotbelow-ar.fina,uni06FA.fina,,751,,
sheenDotbelow-ar.medi,uni06FA.medi,,752,,
sheenDotbelow-ar.init,uni06FA.init,,753,,
sheenThreedotsbelow-ar,uni069C,069C,754,,
sheenThreedotsbelow-ar.fina,uni069C.fina,,755,,
sheenThreedotsbelow-ar.medi,uni069C.medi,,756,,
sheenThreedotsbelow-ar.init,uni069C.init,,757,,
seenFourdotsabove-ar,uni075C,075C,758,,
seenFourdotsabove-ar.fina,uni075C.fina,,759,,
seenFourdotsabove-ar.medi,uni075C.medi,,760,,
seenFourdotsabove-ar.init,uni075C.init,,761,,
seenTwodotsverticalabove-ar,uni076D,076D,762,,
seenTwodotsverticalabove-ar.fina,uni076D.fina,,763,,
seenTwodotsverticalabove-ar.medi,uni076D.medi,,764,,
seenTwodotsverticalabove-ar.init,uni076D.init,,765,,
seenTahTwodotshorizontalabove-ar,uni0770,0770,766,,
seenTahTwodotshorizontalabove-ar.fina,uni0770.fina,,767,,
seenTahTwodotshorizontalabove-ar.medi,uni0770.medi,,768,,
seenTahTwodotshorizontalabove-ar.init,uni0770.init,,769,,
seenFourabove-ar,uni077D,077D,770,,
seenFourabove-ar.fina,uni077D.fina,,771,,
seenFourabove-ar.medi,uni077D.medi,,772,,
seenFourabove-ar.init,uni077D.init,,773,,
seenVinvertedabove-ar,uni077E,077E,774,,
seenVinvertedabove-ar.fina,uni077E.fina,,775,,
seenVinvertedabove-ar.medi,uni077E.medi,,776,,
seenVinvertedabove-ar.init,uni077E.init,,777,,
sad-ar,uni0635,0635,778,,
sad-ar.fina,uni0635.fina,,779,,
sad-ar.medi,uni0635.medi,,780,,
sad-ar.init,uni0635.init,,781,,
sadTwodotsbelow-ar,uni069D,069D,788,,
sadTwodotsbelow-ar.fina,uni069D.fina,,789,,
sadTwodotsbelow-ar.medi,uni069D.medi,,790,,
sadTwodotsbelow-ar.init,uni069D.init,,791,,
sadThreedots-ar,uni069E,069E,794,,
sadThreedots-ar.fina,uni069E.fina,,795,,
sadThreedots-ar.medi,uni069E.medi,,796,,
sadThreedots-ar.init,uni069E.init,,797,,
sadThreedotsbelow-ar,uni08AF,08AF,800,,
sadThreedotsbelow-ar.fina,uni08AF.fina,,801,,
sadThreedotsbelow-ar.medi,uni08AF.medi,,802,,
sadThreedotsbelow-ar.init,uni08AF.init,,803,,
dad-ar,uni0636,0636,806,,
dad-ar.fina,uni0636.fina,,807,,
dad-ar.medi,uni0636.medi,,808,,
dad-ar.init,uni0636.init,,809,,
dadDotbelow-ar,uni06FB,06FB,816,,
dadDotbelow-ar.fina,uni06FB.fina,,817,,
dadDotbelow-ar.medi,uni06FB.medi,,818,,
dadDotbelow-ar.init,uni06FB.init,,819,,
tah-ar,uni0637,0637,822,,
tah-ar.fina,uni0637.fina,,823,,
tah-ar.medi,uni0637.medi,,824,,
tah-ar.init,uni0637.init,,825,,
tahThreedots-ar,uni069F,069F,826.1,,
tahThreedots-ar.fina,uni069F.fina,,826.2,,
tahThreedots-ar.medi,uni069F.medi,,826.3,,
tahThreedots-ar.init,uni069F.init,,826.4,,
tahDotbelow-ar,uni088B,088B,833.1,,
tahDotbelow-ar.fina,uni088B.fina,,833.2,,
tahDotbelow-ar.medi,uni088B.medi,,833.3,,
tahDotbelow-ar.init,uni088B.init,,833.4,,
tahThreedotsbelow-ar,uni088C,088C,833.5,,
tahThreedotsbelow-ar.fina,uni088C.fina,,833.6,,
tahThreedotsbelow-ar.medi,uni088C.medi,,833.7,,
tahThreedotsbelow-ar.init,uni088C.init,,833.8,,
zah-ar,uni0638,0638,834,,
zah-ar.fina,uni0638.fina,,835,,
zah-ar.medi,uni0638.medi,,836,,
zah-ar.init,uni0638.init,,837,,
tahTwodotsabove-ar,uni08A3,08A3,838,,
tahTwodotsabove-ar.fina,uni08A3.fina,,839,,
tahTwodotsabove-ar.medi,uni08A3.medi,,840,,
tahTwodotsabove-ar.init,uni08A3.init,,841,,
ain-ar,uni0639,0639,842,,
ain-ar.fina,uni0639.fina,,843,,
ain-ar.medi,uni0639.medi,,844,,
ain-ar.init,uni0639.init,,845,,
ainThreedots-ar,uni06A0,06A0,849,,
ainThreedots-ar.fina,uni06A0.fina,,850,,
ainThreedots-ar.medi,uni06A0.medi,,851,,
ainThreedots-ar.init,uni06A0.init,,852,,
ainTwodotshorizontalabove-ar,uni075D,075D,863,,
ainTwodotshorizontalabove-ar.fina,uni075D.fina,,864,,
ainTwodotshorizontalabove-ar.medi,uni075D.medi,,865,,
ainTwodotshorizontalabove-ar.init,uni075D.init,,866,,
ainThreedotsdownabove-ar,uni075E,075E,870,,
ainThreedotsdownabove-ar.fina,uni075E.fina,,871,,
ainThreedotsdownabove-ar.medi,uni075E.medi,,872,,
ainThreedotsdownabove-ar.init,uni075E.init,,873,,
ainTwodotsverticalabove-ar,uni075F,075F,874,,
ainTwodotsverticalabove-ar.fina,uni075F.fina,,875,,
ainTwodotsverticalabove-ar.medi,uni075F.medi,,876,,
ainTwodotsverticalabove-ar.init,uni075F.init,,877,,
ainThreedotsbelow-ar,uni08B3,08B3,878,,
ainThreedotsbelow-ar.fina,uni08B3.fina,,879,,
ainThreedotsbelow-ar.medi,uni08B3.medi,,880,,
ainThreedotsbelow-ar.init,uni08B3.init,,881,,
ghain-ar,uni063A,063A,882,,
ghain-ar.fina,uni063A.fina,,883,,
ghain-ar.medi,uni063A.medi,,884,,
ghain-ar.init,uni063A.init,,885,,
ghainThreedotsabove-ar,uni08C3,08C3,889,,
ghainThreedotsabove-ar.fina,uni08C3.fina,,890,,
ghainThreedotsabove-ar.medi,uni08C3.medi,,891,,
ghainThreedotsabove-ar.init,uni08C3.init,,892,,
ghainDotbelow-ar,uni06FC,06FC,903,,
ghainDotbelow-ar.fina,uni06FC.fina,,904,,
ghainDotbelow-ar.medi,uni06FC.medi,,905,,
ghainDotbelow-ar.init,uni06FC.init,,906,,
feh-ar,uni0641,0641,907,,
feh-ar.fina,uni0641.fina,,908,,
feh-ar.medi,uni0641.medi,,909,,
feh-ar.init,uni0641.init,,910,,
veh-ar,uni06A4,06A4,911,,
veh-ar.fina,uni06A4.fina,,912,,
veh-ar.medi,uni06A4.medi,,913,,
veh-ar.init,uni06A4.init,,914,,
fehDotless-ar,uni06A1,06A1,915,,
fehDotless-ar.fina,uni06A1.fina,,916,,
fehDotless-ar.medi,uni06A1.medi,,917,,
fehDotless-ar.init,uni06A1.init,,918,,
fehDotmovedbelow-ar,uni06A2,06A2,919,,
fehDotmovedbelow-ar.fina,uni06A2.fina,,920,,
fehDotmovedbelow-ar.medi,uni06A2.medi,,921,,
fehDotmovedbelow-ar.init,uni06A2.init,,922,,
fehDotbelow-ar,uni06A3,06A3,923,,
fehDotbelow-ar.fina,uni06A3.fina,,926,,
fehDotbelow-ar.medi,uni06A3.medi,,927,,
fehDotbelow-ar.init,uni06A3.init,,928,,
fehThreedotsbelow-ar,uni06A5,06A5,929,,
fehThreedotsbelow-ar.fina,uni06A5.fina,,930,,
fehThreedotsbelow-ar.medi,uni06A5.medi,,931,,
fehThreedotsbelow-ar.init,uni06A5.init,,932,,
peheh-ar,uni06A6,06A6,933,,
peheh-ar.fina,uni06A6.fina,,934,,
peheh-ar.medi,uni06A6.medi,,935,,
peheh-ar.init,uni06A6.init,,936,,
fehTwodotsbelow-ar,uni0760,0760,937,,
fehTwodotsbelow-ar.fina,uni0760.fina,,938,,
fehTwodotsbelow-ar.medi,uni0760.medi,,939,,
fehTwodotsbelow-ar.init,uni0760.init,,940,,
fehThreedotsupbelow-ar,uni0761,0761,941,,
fehThreedotsupbelow-ar.fina,uni0761.fina,,943,,
fehThreedotsupbelow-ar.medi,uni0761.medi,,945,,
fehThreedotsupbelow-ar.init,uni0761.init,,947,,
fehDotbelowThreedotsabove-ar,uni08A4,08A4,949,,
fehDotbelowThreedotsabove-ar.fina,uni08A4.fina,,950,,
fehDotbelowThreedotsabove-ar.medi,uni08A4.medi,,951,,
fehDotbelowThreedotsabove-ar.init,uni08A4.init,,952,,
fehAfrican-ar,uni08BB,08BB,953,,
fehAfrican-ar.fina,uni08BB.fina,,954,,
fehAfrican-ar.medi,uni08BB.medi,,955,,
fehAfrican-ar.init,uni08BB.init,,956,,
qafDotless-ar,uni066F,066F,957,,
qafDotless-ar.fina,uni066F.fina,,958,,
qafDotless-ar.medi,uni066F.medi,,959,,
qafDotless-ar.init,uni066F.init,,960,,
qaf-ar,uni0642,0642,961,,
qaf-ar.fina,uni0642.fina,,962,,
qaf-ar.medi,uni0642.medi,,963,,
qaf-ar.init,uni0642.init,,964,,
qafDotabove-ar,uni06A7,06A7,965,,
qafDotabove-ar.fina,uni06A7.fina,,966,,
qafDotabove-ar.medi,uni06A7.medi,,967,,
qafDotabove-ar.init,uni06A7.init,,968,,
qafThreedotsabove-ar,uni06A8,06A8,971,,
qafThreedotsabove-ar.fina,uni06A8.fina,,972,,
qafThreedotsabove-ar.medi,uni06A8.medi,,973,,
qafThreedotsabove-ar.init,uni06A8.init,,974,,
qafDotbelow-ar,uni08A5,08A5,979,,
qafDotbelow-ar.fina,uni08A5.fina,,980,,
qafDotbelow-ar.medi,uni08A5.medi,,981,,
qafDotbelow-ar.init,uni08A5.init,,982,,
qafAfrican-ar,uni08BC,08BC,983,,
qafAfrican-ar.fina,uni08BC.fina,,984,,
qafAfrican-ar.medi,uni08BC.medi,,985,,
qafAfrican-ar.init,uni08BC.init,,986,,
qafThreedotsaboveAfrican-ar,uni08C4,08C4,987,,
qafThreedotsaboveAfrican-ar.fina,uni08C4.fina,,988,,
qafThreedotsaboveAfrican-ar.medi,uni08C4.medi,,989,,
qafThreedotsaboveAfrican-ar.init,uni08C4.init,,990,,
qafDotbelowNodotsabove-ar,uni08B5,08B5,994.1,,
qafDotbelowNodotsabove-ar.fina,uni08B5.fina,,994.2,,
qafDotbelowNodotsabove-ar.medi,uni08B5.medi,,994.3,,
qafDotbelowNodotsabove-ar.init,uni08B5.init,,994.4,,
kaf-ar,uni0643,0643,995,,
kaf-ar.fina,uni0643.fina,,996,,
kaf-ar.medi,uni0643.medi,,997,,
kaf-ar.init,uni0643.init,,998,,
kafDotbelow-ar,uni08B4,08B4,999,,
kafDotbelow-ar.fina,uni08B4.fina,,1000,,
kafDotbelow-ar.medi,uni08B4.medi,,1001,,
kafDotbelow-ar.init,uni08B4.init,,1002,,
keheh-ar,uni06A9,06A9,1003,,
keheh-ar.fina,uni06A9.fina,,1004,,
keheh-ar.medi,uni06A9.medi,,1005,,
keheh-ar.init,uni06A9.init,,1006,,
kehehTwodotshorizontalabove-ar,uni063B,063B,1007,,
kehehTwodotshorizontalabove-ar.fina,uni063B.fina,,1008,,
kehehTwodotshorizontalabove-ar.medi,uni063B.medi,,1009,,
kehehTwodotshorizontalabove-ar.init,uni063B.init,,1010,,
kehehThreedotsbelow-ar,uni063C,063C,1011,,
kehehThreedotsbelow-ar.fina,uni063C.fina,,1012,,
kehehThreedotsbelow-ar.medi,uni063C.medi,,1013,,
kehehThreedotsbelow-ar.init,uni063C.init,,1014,,
kehehDotabove-ar,uni0762,0762,1015,,
kehehDotabove-ar.fina,uni0762.fina,,1016,,
kehehDotabove-ar.medi,uni0762.medi,,1017,,
kehehDotabove-ar.init,uni0762.init,,1018,,
kehehThreedotsabove-ar,uni0763,0763,1019,,
kehehThreedotsabove-ar.fina,uni0763.fina,,1020,,
kehehThreedotsabove-ar.medi,uni0763.medi,,1021,,
kehehThreedotsabove-ar.init,uni0763.init,,1022,,
kehehThreedotsupbelow-ar,uni0764,0764,1027,,
kehehThreedotsupbelow-ar.fina,uni0764.fina,,1029,,
kehehThreedotsupbelow-ar.medi,uni0764.medi,,1031,,
kehehThreedotsupbelow-ar.init,uni0764.init,,1033,,
kehehTwodotsverticalbelow-ar,uni088D,088D,1034.1,,
kehehTwodotsverticalbelow-ar.fina,uni088D.fina,,1034.2,,
kehehTwodotsverticalbelow-ar.medi,uni088D.medi,,1034.3,,
kehehTwodotsverticalbelow-ar.init,uni088D.init,,1034.4,,
kehehVabove-ar,uni08C2,08C2,1035,,
kehehVabove-ar.fina,uni08C2.fina,,1036,,
kehehVabove-ar.medi,uni08C2.medi,,1037,,
kehehVabove-ar.init,uni08C2.init,,1038,,
kehehElongatedhamzaabove-ar,uni08C8,08C8,1038.1,,
kehehElongatedhamzaabove-ar.fina,uni08C8.fina,,1038.2,,
kehehElongatedhamzaabove-ar.medi,uni08C8.medi,,1038.3,,
kehehElongatedhamzaabove-ar.init,uni08C8.init,,1038.4,,
gaf-ar,uni06AF,06AF,1039,,
gaf-ar.fina,uni06AF.fina,,1040,,
gaf-ar.medi,uni06AF.medi,,1041,,
gaf-ar.init,uni06AF.init,,1042,,
gafRing-ar,uni06B0,06B0,1043,,
gafRing-ar.fina,uni06B0.fina,,1044,,
gafRing-ar.medi,uni06B0.medi,,1045,,
gafRing-ar.init,uni06B0.init,,1047,,
gafThreedots-ar,uni06B4,06B4,1048,,
gafThreedots-ar.fina,uni06B4.fina,,1049,,
gafThreedots-ar.medi,uni06B4.medi,,1050,,
gafThreedots-ar.init,uni06B4.init,,1051,,
kafswash-ar,uni06AA,06AA,1052,,
kafswash-ar.fina,uni06AA.fina,,1053,,
kafswash-ar.medi,uni06AA.medi,,1054,,
kafswash-ar.init,uni06AA.init,,1055,,
kafRing-ar,uni06AB,06AB,1056,,
kafRing-ar.fina,uni06AB.fina,,1057,,
kafRing-ar.medi,uni06AB.medi,,1058,,
kafRing-ar.init,uni06AB.init,,1059,,
kafDotabove-ar,uni06AC,06AC,1060,,
kafDotabove-ar.fina,uni06AC.fina,,1061,,
kafDotabove-ar.medi,uni06AC.medi,,1062,,
kafDotabove-ar.init,uni06AC.init,,1063,,
kafTwodotshorizontalabove-ar,uni077F,077F,1064,,
kafTwodotshorizontalabove-ar.fina,uni077F.fina,,1065,,
kafTwodotshorizontalabove-ar.medi,uni077F.medi,,1066,,
kafTwodotshorizontalabove-ar.init,uni077F.init,,1067,,
kafThreedotsbelow-ar,uni06AE,06AE,1068,,
kafThreedotsbelow-ar.fina,uni06AE.fina,,1069,,
kafThreedotsbelow-ar.medi,uni06AE.medi,,1070,,
kafThreedotsbelow-ar.init,uni06AE.init,,1071,,
gafTwodotsbelow-ar,uni06B2,06B2,1072,,
gafTwodotsbelow-ar.fina,uni06B2.fina,,1073,,
gafTwodotsbelow-ar.medi,uni06B2.medi,,1074,,
gafTwodotsbelow-ar.init,uni06B2.init,,1075,,
gafInvertedstroke-ar,uni08B0,08B0,1076,,
gafInvertedstroke-ar.fina,uni08B0.fina,,1077,,
gafInvertedstroke-ar.medi,uni08B0.medi,,1078,,
gafInvertedstroke-ar.init,uni08B0.init,,1079,,
ng-ar,uni06AD,06AD,1080,,
ng-ar.fina,uni06AD.fina,,1081,,
ng-ar.medi,uni06AD.medi,,1082,,
ng-ar.init,uni06AD.init,,1083,,
ngoeh-ar,uni06B1,06B1,1084,,
ngoeh-ar.fina,uni06B1.fina,,1085,,
ngoeh-ar.medi,uni06B1.medi,,1086,,
ngoeh-ar.init,uni06B1.init,,1087,,
gueh-ar,uni06B3,06B3,1088,,
gueh-ar.fina,uni06B3.fina,,1089,,
gueh-ar.medi,uni06B3.medi,,1090,,
gueh-ar.init,uni06B3.init,,1091,,
lam-ar,uni0644,0644,1092,,
lam-ar.fina,uni0644.fina,,1093,,
lam-ar.medi,uni0644.medi,,1094,,
lam-ar.init,uni0644.init,,1095,,
_lam-ar.medi.preAlef,,,1098,,
_lam-ar.init.preAlef,,,1099,,
lamVabove-ar,uni06B5,06B5,1100,,
lamVabove-ar.fina,uni06B5.fina,,1101,,
lamVabove-ar.medi,uni06B5.medi,,1102,,
lamVabove-ar.init,uni06B5.init,,1103,,
_lamVabove-ar.medi.preAlef,,,1104,,
_lamVabove-ar.init.preAlef,,,1105,,
lamDotabove-ar,uni06B6,06B6,1106,,
lamDotabove-ar.fina,uni06B6.fina,,1107,,
lamDotabove-ar.medi,uni06B6.medi,,1108,,
lamDotabove-ar.init,uni06B6.init,,1109,,
_lamDotabove-ar.medi.preAlef,,,1110,,
_lamDotabove-ar.init.preAlef,,,1111,,
lamThreedotsabove-ar,uni06B7,06B7,1112,,
lamThreedotsabove-ar.fina,uni06B7.fina,,1113,,
lamThreedotsabove-ar.medi,uni06B7.medi,,1114,,
lamThreedotsabove-ar.init,uni06B7.init,,1115,,
_lamThreedotsabove-ar.medi.preAlef,,,1116,,
_lamThreedotsabove-ar.init.preAlef,,,1117,,
lamTahabove-ar,uni08C7,08C7,1118,,
lamTahabove-ar.fina,uni08C7.fina,,1119,,
lamTahabove-ar.medi,uni08C7.medi,,1120,,
lamTahabove-ar.init,uni08C7.init,,1121,,
_lamTahabove-ar.medi.preAlef,,,1122,,
_lamTahabove-ar.init.preAlef,,,1123,,
lamThreedotsbelow-ar,uni06B8,06B8,1124,,
lamThreedotsbelow-ar.fina,uni06B8.fina,,1125,,
lamThreedotsbelow-ar.medi,uni06B8.medi,,1126,,
lamThreedotsbelow-ar.init,uni06B8.init,,1127,,
_lamThreedotsbelow-ar.medi.preAlef,,,1128,,
_lamThreedotsbelow-ar.init.preAlef,,,1129,,
lamBar-ar,uni076A,076A,1130,,
lamBar-ar.fina,uni076A.fina,,1131,,
lamBar-ar.medi,uni076A.medi,,1132,,
lamBar-ar.init,uni076A.init,,1133,,
_lamBar-ar.medi.preAlef,,,1134,,
_lamBar-ar.init.preAlef,,,1135,,
lamDoublebar-ar,uni08A6,08A6,1136,,
lamDoublebar-ar.fina,uni08A6.fina,,1137,,
lamDoublebar-ar.medi,uni08A6.medi,,1138,,
lamDoublebar-ar.init,uni08A6.init,,1139,,
_lamDoublebar-ar.medi.preAlef,,,1140,,
_lamDoublebar-ar.init.preAlef,,,1141,,
lam_alef-ar,uni06440627,0644_0627,1144,,
lam_alef-ar.fina,uni06440627.fina,,1145,,
lam_alefWavyhamzaabove-ar,uni06440672,0644_0672,1146,,
lam_alefWavyhamzaabove-ar.fina,uni06440672.fina,,1147,,
lam_alefWavyhamzabelow-ar,uni06440673,0644_0673,1148,,
lam_alefWavyhamzabelow-ar.fina,uni06440673.fina,,1149,,
lam_alefWasla-ar,uni06440671,0644_0671,1150,,
lam_alefWasla-ar.fina,uni06440671.fina,,1151,,
lam_alefTwoabove-ar,uni06440773,0644_0773,1152,,
lam_alefTwoabove-ar.fina,uni06440773.fina,,1153,,
lam_alefThreeabove-ar,uni06440774,0644_0774,1154,,
lam_alefThreeabove-ar.fina,uni06440774.fina,,1155,,
lam_alefFathaattached-ar,uni06440870,0644_0870,1155.11,,
lam_alefFathaattached-ar.fina,uni06440870.fina,,1155.12,,
lam_alefToprightfathaattached-ar,uni06440871,0644_0871,1155.13,,
lam_alefToprightfathaattached-ar.fina,uni06440871.fina,,1155.14,,
lam_alefRightmiddlestroke-ar,uni06440872,0644_0872,1155.15,,
lam_alefRightmiddlestroke-ar.fina,uni06440872.fina,,1155.16,,
lam_alefLeftmiddlestroke-ar,uni06440873,0644_0873,1155.17,,
lam_alefLeftmiddlestroke-ar.fina,uni06440873.fina,,1155.18,,
lam_alefKasraattached-ar,uni06440874,0644_0874,1155.21,,
lam_alefKasraattached-ar.fina,uni06440874.fina,,1155.22,,
lam_alefBottomrightkasraattached-ar,uni06440875,0644_0875,1155.23,,
lam_alefBottomrightkasraattached-ar.fina,uni06440875.fina,,1155.24,,
lam_alefRounddotaboveattached-ar,uni06440876,0644_0876,1155.25,,
lam_alefRounddotaboveattached-ar.fina,uni06440876.fina,,1155.26,,
lam_alefRightrounddotattached-ar,uni06440877,0644_0877,1155.27,,
lam_alefRightrounddotattached-ar.fina,uni06440877.fina,,1155.28,,
lam_alefLeftrounddotattached-ar,uni06440878,0644_0878,1155.31,,
lam_alefLeftrounddotattached-ar.fina,uni06440878.fina,,1155.32,,
lam_alefRounddotbelowattached-ar,uni06440879,0644_0879,1155.33,,
lam_alefRounddotbelowattached-ar.fina,uni06440879.fina,,1155.34,,
lam_alefDotabove-ar,uni0644087A,0644_087A,1155.35,,
lam_alefDotabove-ar.fina,uni0644087A.fina,,1155.36,,
lam_alefToprightfathaattachedDotabove-ar,uni0644087B,0644_087B,1155.37,,
lam_alefToprightfathaattachedDotabove-ar.fina,uni0644087B.fina,,1155.38,,
lam_alefRightmiddlestrokeDotabove-ar,uni0644087C,0644_087C,1155.41,,
lam_alefRightmiddlestrokeDotabove-ar.fina,uni0644087C.fina,,1155.42,,
lam_alefBottomrightkasraattachedDotabove-ar,uni0644087D,0644_087D,1155.43,,
lam_alefBottomrightkasraattachedDotabove-ar.fina,uni0644087D.fina,,1155.44,,
lam_alefToprightfathaattachedLeftring-ar,uni0644087E,0644_087E,1155.45,,
lam_alefToprightfathaattachedLeftring-ar.fina,uni0644087E.fina,,1155.46,,
lam_alefRightmiddlestrokeLeftring-ar,uni0644087F,0644_087F,1155.47,,
lam_alefRightmiddlestrokeLeftring-ar.fina,uni0644087F.fina,,1155.48,,
lam_alefBottomrightkasraattachedLeftring-ar,uni06440880,0644_0880,1155.91,,
lam_alefBottomrightkasraattachedLeftring-ar.fina,uni06440880.fina,,1155.92,,
lam_alefRighthamzaattached-ar,uni06440881,0644_0881,1155.93,,
lam_alefRighthamzaattached-ar.fina,uni06440881.fina,,1155.94,,
lam_alefLefthamzaattached-ar,uni06440882,0644_0882,1155.95,,
lam_alefLefthamzaattached-ar.fina,uni06440882.fina,,1155.96,,
lamVabove_alef-ar,uni06B50627,06B5_0627,1156,,
lamVabove_alef-ar.fina,uni06B50627.fina,,1157,,
lamVabove_alefWavyhamzaabove-ar,uni06B50672,06B5_0672,1158,,
lamVabove_alefWavyhamzaabove-ar.fina,uni06B50672.fina,,1159,,
lamVabove_alefWavyhamzabelow-ar,uni06B50673,06B5_0673,1160,,
lamVabove_alefWavyhamzabelow-ar.fina,uni06B50673.fina,,1161,,
lamVabove_alefWasla-ar,uni06B50671,06B5_0671,1162,,
lamVabove_alefWasla-ar.fina,uni06B50671.fina,,1163,,
lamVabove_alefTwoabove-ar,uni06B50773,06B5_0773,1164,,
lamVabove_alefTwoabove-ar.fina,uni06B50773.fina,,1165,,
lamVabove_alefThreeabove-ar,uni06B50774,06B5_0774,1166,,
lamVabove_alefThreeabove-ar.fina,uni06B50774.fina,,1167,,
lamDotabove_alef-ar,uni06B60627,06B6_0627,1168,,
lamDotabove_alef-ar.fina,uni06B60627.fina,,1169,,
lamDotabove_alefWavyhamzaabove-ar,uni06B60672,06B6_0672,1170,,
lamDotabove_alefWavyhamzaabove-ar.fina,uni06B60672.fina,,1171,,
lamDotabove_alefWavyhamzabelow-ar,uni06B60673,06B6_0673,1172,,
lamDotabove_alefWavyhamzabelow-ar.fina,uni06B60673.fina,,1173,,
lamDotabove_alefWasla-ar,uni06B60671,06B6_0671,1174,,
lamDotabove_alefWasla-ar.fina,uni06B60671.fina,,1175,,
lamDotabove_alefTwoabove-ar,uni06B60773,06B6_0773,1176,,
lamDotabove_alefTwoabove-ar.fina,uni06B60773.fina,,1177,,
lamDotabove_alefThreeabove-ar,uni06B60774,06B6_0774,1178,,
lamDotabove_alefThreeabove-ar.fina,uni06B60774.fina,,1179,,
lamThreedotsabove_alef-ar,uni06B70627,06B7_0627,1180,,
lamThreedotsabove_alef-ar.fina,uni06B70627.fina,,1181,,
lamThreedotsabove_alefWavyhamzaabove-ar,uni06B70672,06B7_0672,1182,,
lamThreedotsabove_alefWavyhamzaabove-ar.fina,uni06B70672.fina,,1183,,
lamThreedotsabove_alefWavyhamzabelow-ar,uni06B70673,06B7_0673,1184,,
lamThreedotsabove_alefWavyhamzabelow-ar.fina,uni06B70673.fina,,1185,,
lamThreedotsabove_alefWasla-ar,uni06B70671,06B7_0671,1186,,
lamThreedotsabove_alefWasla-ar.fina,uni06B70671.fina,,1187,,
lamThreedotsabove_alefTwoabove-ar,uni06B70773,06B7_0773,1188,,
lamThreedotsabove_alefTwoabove-ar.fina,uni06B70773.fina,,1189,,
lamThreedotsabove_alefThreeabove-ar,uni06B70774,06B7_0774,1190,,
lamThreedotsabove_alefThreeabove-ar.fina,uni06B70774.fina,,1191,,
lamTahabove_alef-ar,uni08C70627,08C7_0627,1192,,
lamTahabove_alef-ar.fina,uni08C70627.fina,,1193,,
lamTahabove_alefWavyhamzaabove-ar,uni08C70672,08C7_0672,1194,,
lamTahabove_alefWavyhamzaabove-ar.fina,uni08C70672.fina,,1195,,
lamTahabove_alefWavyhamzabelow-ar,uni08C70673,08C7_0673,1196,,
lamTahabove_alefWavyhamzabelow-ar.fina,uni08C70673.fina,,1197,,
lamTahabove_alefWasla-ar,uni08C70671,08C7_0671,1198,,
lamTahabove_alefWasla-ar.fina,uni08C70671.fina,,1199,,
lamTahabove_alefTwoabove-ar,uni08C70773,08C7_0773,1200,,
lamTahabove_alefTwoabove-ar.fina,uni08C70773.fina,,1201,,
lamTahabove_alefThreeabove-ar,uni08C70774,08C7_0774,1202,,
lamTahabove_alefThreeabove-ar.fina,uni08C70774.fina,,1203,,
lamThreedotsbelow_alef-ar,uni06B80627,06B8_0627,1204,,
lamThreedotsbelow_alef-ar.fina,uni06B80627.fina,,1205,,
lamThreedotsbelow_alefWavyhamzaabove-ar,uni06B80672,06B8_0672,1206,,
lamThreedotsbelow_alefWavyhamzaabove-ar.fina,uni06B80672.fina,,1207,,
lamThreedotsbelow_alefWavyhamzabelow-ar,uni06B80673,06B8_0673,1208,,
lamThreedotsbelow_alefWavyhamzabelow-ar.fina,uni06B80673.fina,,1209,,
lamThreedotsbelow_alefWasla-ar,uni06B80671,06B8_0671,1210,,
lamThreedotsbelow_alefWasla-ar.fina,uni06B80671.fina,,1211,,
lamThreedotsbelow_alefTwoabove-ar,uni06B80773,06B8_0773,1212,,
lamThreedotsbelow_alefTwoabove-ar.fina,uni06B80773.fina,,1213,,
lamThreedotsbelow_alefThreeabove-ar,uni06B80774,06B8_0774,1214,,
lamThreedotsbelow_alefThreeabove-ar.fina,uni06B80774.fina,,1215,,
lamBar_alef-ar,uni076A0627,076A_0627,1216,,
lamBar_alef-ar.fina,uni076A0627.fina,,1217,,
lamBar_alefWavyhamzaabove-ar,uni076A0672,076A_0672,1218,,
lamBar_alefWavyhamzaabove-ar.fina,uni076A0672.fina,,1219,,
lamBar_alefWavyhamzabelow-ar,uni076A0673,076A_0673,1220,,
lamBar_alefWavyhamzabelow-ar.fina,uni076A0673.fina,,1221,,
lamBar_alefWasla-ar,uni076A0671,076A_0671,1222,,
lamBar_alefWasla-ar.fina,uni076A0671.fina,,1223,,
lamBar_alefTwoabove-ar,uni076A0773,076A_0773,1224,,
lamBar_alefTwoabove-ar.fina,uni076A0773.fina,,1225,,
lamBar_alefThreeabove-ar,uni076A0774,076A_0774,1226,,
lamBar_alefThreeabove-ar.fina,uni076A0774.fina,,1227,,
lamDoublebar_alef-ar,uni08A60627,08A6_0627,1228,,
lamDoublebar_alef-ar.fina,uni08A60627.fina,,1229,,
lamDoublebar_alefWavyhamzaabove-ar,uni08A60672,08A6_0672,1230,,
lamDoublebar_alefWavyhamzaabove-ar.fina,uni08A60672.fina,,1231,,
lamDoublebar_alefWavyhamzabelow-ar,uni08A60673,08A6_0673,1232,,
lamDoublebar_alefWavyhamzabelow-ar.fina,uni08A60673.fina,,1233,,
lamDoublebar_alefWasla-ar,uni08A60671,08A6_0671,1234,,
lamDoublebar_alefWasla-ar.fina,uni08A60671.fina,,1235,,
lamDoublebar_alefTwoabove-ar,uni08A60773,08A6_0773,1236,,
lamDoublebar_alefTwoabove-ar.fina,uni08A60773.fina,,1237,,
lamDoublebar_alefThreeabove-ar,uni08A60774,08A6_0774,1238,,
lamDoublebar_alefThreeabove-ar.fina,uni08A60774.fina,,1239,,
meem-ar,uni0645,0645,1248,,
meem-ar.fina,uni0645.fina,,1249,,
meem-ar.medi,uni0645.medi,,1250,,
meem-ar.init,uni0645.init,,1251,,
meem-ar.sindhi,uni0645.sindhi,,1252,sd,cv44=1
meem-ar.fina.sindhi,uni0645.fina.sindhi,,1253,,
meemDotabove-ar,uni0765,0765,1256,,
meemDotabove-ar.fina,uni0765.fina,,1257,,
meemDotabove-ar.medi,uni0765.medi,,1258,,
meemDotabove-ar.init,uni0765.init,,1259,,
meemDotabove-ar.sindhi,uni0765.sindhi,,1260,sd,cv44=1
meemDotabove-ar.fina.sindhi,uni0765.fina.sindhi,,1261,,
meemDotbelow-ar,uni0766,0766,1262,,
meemDotbelow-ar.fina,uni0766.fina,,1263,,
meemDotbelow-ar.medi,uni0766.medi,,1264,,
meemDotbelow-ar.init,uni0766.init,,1265,,
meemDotbelow-ar.sindhi,uni0766.sindhi,,1266,sd,cv44=1
meemDotbelow-ar.fina.sindhi,uni0766.fina.sindhi,,1267,,
meemThreedotsabove-ar,uni08A7,08A7,1268,,
meemThreedotsabove-ar.fina,uni08A7.fina,,1269,,
meemThreedotsabove-ar.medi,uni08A7.medi,,1270,,
meemThreedotsabove-ar.init,uni08A7.init,,1271,,
meemThreedotsabove-ar.sindhi,uni08A7.sindhi,,1272,sd,cv44=1
meemThreedotsabove-ar.fina.sindhi,uni08A7.fina.sindhi,,1273,,
noon-ar,uni0646,0646,1274,,
noon-ar.fina,uni0646.fina,,1275,,
noon-ar.medi,uni0646.medi,,1276,,
noon-ar.init,uni0646.init,,1277,,
noonDotbelow-ar,uni06B9,06B9,1289,,
noonDotbelow-ar.fina,uni06B9.fina,,1290,,
noonDotbelow-ar.medi,uni06B9.medi,,1291,,
noonDotbelow-ar.init,uni06B9.init,,1292,,
noonghunna-ar,uni06BA,06BA,1293,,
noonghunna-ar.fina,uni06BA.fina,,1294,,
noonghunna-ar.medi,uni06BA.medi,,1295,,
noonghunna-ar.init,uni06BA.init,,1296,,
rnoon-ar,uni06BB,06BB,1301,,
rnoon-ar.fina,uni06BB.fina,,1302,,
rnoon-ar.medi,uni06BB.medi,,1303,,
rnoon-ar.init,uni06BB.init,,1304,,
noonRing-ar,uni06BC,06BC,1305,,
noonRing-ar.fina,uni06BC.fina,,1306,,
noonRing-ar.medi,uni06BC.medi,,1307,,
noonRing-ar.init,uni06BC.init,,1308,,
noonThreedotsabove-ar,uni06BD,06BD,1309,,
noonThreedotsabove-ar.fina,uni06BD.fina,,1310,,
noonThreedotsabove-ar.medi,uni06BD.medi,,1311,,
noonThreedotsabove-ar.init,uni06BD.init,,1312,,
noonTwodotsbelow-ar,uni0767,0767,1313,,
noonTwodotsbelow-ar.fina,uni0767.fina,,1314,,
noonTwodotsbelow-ar.medi,uni0767.medi,,1315,,
noonTwodotsbelow-ar.init,uni0767.init,,1316,,
noonTahabove-ar,uni0768,0768,1322,,
noonTahabove-ar.fina,uni0768.fina,,1323,,
noonTahabove-ar.medi,uni0768.medi,,1324,,
noonTahabove-ar.init,uni0768.init,,1325,,
noonVabove-ar,uni0769,0769,1326,,
noonVabove-ar.fina,uni0769.fina,,1327,,
noonVabove-ar.medi,uni0769.medi,,1328,,
noonVabove-ar.init,uni0769.init,,1329,,
noonVinvertedabove-ar,uni0889,0889,1329.1,,
noonVinvertedabove-ar.fina,uni0889.fina,,1329.2,,
noonVinvertedabove-ar.medi,uni0889.medi,,1329.3,,
noonVinvertedabove-ar.init,uni0889.init,,1329.4,,
noonAfrican-ar,uni08BD,08BD,1330,,
noonAfrican-ar.fina,uni08BD.fina,,1331,,
noonAfrican-ar.medi,uni08BD.medi,,1332,,
noonAfrican-ar.init,uni08BD.init,,1333,,
ae-ar,uni06D5,06D5,1339,,
ae-ar.fina,uni06D5.fina,,1340,,
heh-ar,uni0647,0647,1341,,
heh-ar.fina,uni0647.fina,,1342,,
heh-ar.medi,uni0647.medi,,1343,,
heh-ar.init,uni0647.init,,1344,,
heh-ar.knotted,uni0647.knotted,,1345,"sd,ku","cv48=1,3"
heh-ar.fina.knottedHigh,uni0647.fina.knottedHigh,,1347,,"cv48=1,3"
heh-ar.medi.knottedHigh,uni0647.medi.knottedHigh,,1348,,"cv48=1,3"
heh-ar.fina.hooked,uni0647.fina.hooked,,1349,ur,cv48=2
heh-ar.medi.hooked,uni0647.medi.hooked,,1350,ur,cv48=2
heh-ar.init.hooked,uni0647.init.hooked,,1351,ur,cv48=2
hehHamzaabove-ar,uni06C0,06C0,1352,,
hehHamzaabove-ar.fina,uni06C0.fina,,1353,,
hehgoal-ar,uni06C1,06C1,1354,,
hehgoal-ar.fina,uni06C1.fina,,1355,,
hehgoal-ar.medi,uni06C1.medi,,1356,,
hehgoal-ar.init,uni06C1.init,,1357,,
hehgoalHamzaabove-ar,uni06C2,06C2,1358,,
hehgoalHamzaabove-ar.fina,uni06C2.fina,,1359,,
hehgoalHamzaabove-ar.medi,uni06C2.medi,,1360,,
hehgoalHamzaabove-ar.init,uni06C2.init,,1361,,
hehDoachashmee-ar,uni06BE,06BE,1362,,
hehDoachashmee-ar.fina,uni06BE.fina,,1363,,
hehDoachashmee-ar.medi,uni06BE.medi,,1364,,
hehDoachashmee-ar.init,uni06BE.init,,1365,,
hehVinvertedabove-ar,uni06FF,06FF,1366,,
hehVinvertedabove-ar.fina,uni06FF.fina,,1367,,
hehVinvertedabove-ar.medi,uni06FF.medi,,1368,,
hehVinvertedabove-ar.init,uni06FF.init,,1369,,
tehMarbuta-ar,uni0629,0629,1370,,
tehMarbuta-ar.fina,uni0629.fina,,1371,,
tehMarbutagoal-ar,uni06C3,06C3,1372,,
tehMarbutagoal-ar.fina,uni06C3.fina,,1373,,
waw-ar,uni0648,0648,1374,,
waw-ar.fina,uni0648.fina,,1375,,
highhamzaWaw-ar,uni0676,0676,1378,,
highhamzaWaw-ar.fina,uni0676.fina,,1379,,
uHamzaabove-ar,uni0677,0677,1380,,
uHamzaabove-ar.fina,uni0677.fina,,1382,,
u-ar,uni06C7,06C7,1386,,
u-ar.fina,uni06C7.fina,,1387,,
wawring-ar,uni06C4,06C4,1392,,
wawring-ar.fina,uni06C4.fina,,1393,,
wawTwodots-ar,uni06CA,06CA,1394,,
wawTwodots-ar.fina,uni06CA.fina,,1395,,
wawDotabove-ar,uni06CF,06CF,1396,,
wawDotabove-ar.fina,uni06CF.fina,,1397,,
wawHamzaabove-ar,uni0624,0624,1398,,
wawHamzaabove-ar.fina,uni0624.fina,,1399,,
wawTwoabove-ar,uni0778,0778,1400,,
wawTwoabove-ar.fina,uni0778.fina,,1401,,
wawThreeAbove-ar,uni0779,0779,1402,,
wawThreeAbove-ar.fina,uni0779.fina,,1403,,
wawDotcenter-ar,uni08AB,08AB,1404,,
wawDotcenter-ar.fina,uni08AB.fina,,1405,,
wawStraight-ar,uni08B1,08B1,1406,,
wawStraight-ar.fina,uni08B1.fina,,1407,,
kirghizoe-ar,uni06C5,06C5,1408,,
kirghizoe-ar.fina,uni06C5.fina,,1409,,
kirghizoe-ar.bar,uni06C5.bar,,1410,,cv51=1
kirghizoe-ar.fina.bar,uni06C5.fina.bar,,1411,,
oe-ar,uni06C6,06C6,1412,,
oe-ar.fina,uni06C6.fina,,1413,,
yu-ar,uni06C8,06C8,1414,,
yu-ar.fina,uni06C8.fina,,1415,,
kirghizyu-ar,uni06C9,06C9,1416,,
kirghizyu-ar.fina,uni06C9.fina,,1417,,
ve-ar,uni06CB,06CB,1418,,
ve-ar.fina,uni06CB.fina,,1419,,
alefMaksura-ar,uni0649,0649,1420,,
alefMaksura-ar.fina,uni0649.fina,,1421,,
alefMaksura-ar.medi,uni0649.medi,,1422,,
alefMaksura-ar.init,uni0649.init,,1423,,
aleflow-ar,uni08AD,08AD,1430,,
verticaltail-ar,uni088E,088E,1430.1,,
verticaltail-ar.fina,uni088E.fina,,1430.2,,
yeh-ar,uni064A,064A,1431,,
yeh-ar.fina,uni064A.fina,,1432,,
yeh-ar.medi,uni064A.medi,,1433,,
yeh-ar.init,uni064A.init,,1434,,
yeh-ar.noDots,uni064A.noDots,,1447,,
yeh-ar.noDots.fina,uni064A.noDots.fina,,1448,,
yeh-ar.noDots.medi,uni064A.noDots.medi,,1449,,
yeh-ar.noDots.init,uni064A.noDots.init,,1450,,
yehthin-ar,uni0886,0886,1450.1,,
yehthin-ar.fina,uni0886.fina,,1450.2,,
yehthin-ar.medi,uni0886.medi,,1450.3,,
yehthin-ar.init,uni0886.init,,1450.4,,
yehHamzaabove-ar,uni0626,0626,1451,,
yehHamzaabove-ar.fina,uni0626.fina,,1452,,
yehHamzaabove-ar.medi,uni0626.medi,,1453,,
yehHamzaabove-ar.init,uni0626.init,,1454,,
yehHamzaabove-ar.loclKIR,uni0626.loclKIR,,1456,ky,cv54=1
yehHamzaabove-ar.fina.loclKIR,uni0626.fina.loclKIR,,1457,,
yehVabove-ar,uni06CE,06CE,1458,,
yehVabove-ar.fina,uni06CE.fina,,1459,,
yehVabove-ar.medi,uni06CE.medi,,1460,,
yehVabove-ar.init,uni06CE.init,,1461,,
yehTwodotsbelowHamzaabove-ar,uni08A8,08A8,1462,,
yehTwodotsbelowHamzaabove-ar.fina,uni08A8.fina,,1463,,
yehTwodotsbelowHamzaabove-ar.medi,uni08A8.medi,,1464,,
yehTwodotsbelowHamzaabove-ar.init,uni08A8.init,,1465,,
yehTwodotsbelowDotabove-ar,uni08A9,08A9,1468,,
yehTwodotsbelowDotabove-ar.fina,uni08A9.fina,,1469,,
yehTwodotsbelowDotabove-ar.medi,uni08A9.medi,,1470,,
yehTwodotsbelowDotabove-ar.init,uni08A9.init,,1471,,
yehVinverted-farsi,uni063D,063D,1474,,
yehVinverted-farsi.fina,uni063D.fina,,1475,,
yehVinverted-farsi.medi,uni063D.medi,,1476,,
yehVinverted-farsi.init,uni063D.init,,1477,,
yeh-farsi,uni06CC,06CC,1478,,
yeh-farsi.fina,uni06CC.fina,,1479,,
yeh-farsi.medi,uni06CC.medi,,1480,,
yeh-farsi.init,uni06CC.init,,1481,,
yehTwodotsabove-farsi,uni063E,063E,1490,,
yehTwodotsabove-farsi.fina,uni063E.fina,,1491,,
yehTwodotsabove-farsi.medi,uni063E.medi,,1492,,
yehTwodotsabove-farsi.init,uni063E.init,,1493,,
yehThreedotsabove-farsi,uni063F,063F,1494,,
yehThreedotsabove-farsi.fina,uni063F.fina,,1495,,
yehThreedotsabove-farsi.medi,uni063F.medi,,1496,,
yehThreedotsabove-farsi.init,uni063F.init,,1497,,
yehTwoabove-farsi,uni0775,0775,1506,,
yehTwoabove-farsi.fina,uni0775.fina,,1507,,
yehTwoabove-farsi.medi,uni0775.medi,,1508,,
yehTwoabove-farsi.init,uni0775.init,,1509,,
yehThreeabove-farsi,uni0776,0776,1510,,
yehThreeabove-farsi.fina,uni0776.fina,,1511,,
yehThreeabove-farsi.medi,uni0776.medi,,1512,,
yehThreeabove-farsi.init,uni0776.init,,1513,,
yehFourbelow-farsi,uni0777,0777,1514,,
yehFourbelow-farsi.fina,uni0777.fina,,1515,,
yehFourbelow-farsi.medi,uni0777.medi,,1516,,
yehFourbelow-farsi.init,uni0777.init,,1517,,
yehTail-ar,uni06CD,06CD,1518,,
yehTail-ar.fina,uni06CD.fina,,1519,,
yehKashmiri-ar,uni0620,0620,1520,,
yehKashmiri-ar.fina,uni0620.fina,,1521,,
yehKashmiri-ar.medi,uni0620.medi,,1522,,
yehKashmiri-ar.init,uni0620.init,,1523,,
e-ar,uni06D0,06D0,1524,,
e-ar.fina,uni06D0.fina,,1525,,
e-ar.medi,uni06D0.medi,,1526,,
e-ar.init,uni06D0.init,,1527,,
yehThreedotsbelow-ar,uni06D1,06D1,1529,,
yehThreedotsbelow-ar.fina,uni06D1.fina,,1530,,
yehThreedotsbelow-ar.medi,uni06D1.medi,,1531,,
yehThreedotsbelow-ar.init,uni06D1.init,,1532,,
yehTwodotsbelowNoonabove-ar,uni08BA,08BA,1534,,
yehTwodotsbelowNoonabove-ar.fina,uni08BA.fina,,1535,,
yehTwodotsbelowNoonabove-ar.medi,uni08BA.medi,,1536,,
yehTwodotsbelowNoonabove-ar.init,uni08BA.init,,1537,,
yehbarree-ar,uni06D2,06D2,1538,,
yehbarree-ar.fina,uni06D2.fina,,1539,,
yehbarreeHamzaabove-ar,uni06D3,06D3,1542,,
yehbarreeHamzaabove-ar.fina,uni06D3.fina,,1543,,
yehbarreeTwoabove-ar,uni077A,077A,1545,,
yehbarreeTwoabove-ar.fina,uni077A.fina,,1546,,
yehbarreeTwoabove-ar.medi,uni077A.medi,,1547,,
yehbarreeTwoabove-ar.init,uni077A.init,,1548,,
yehbarreeThreeabove-ar,uni077B,077B,1550,,
yehbarreeThreeabove-ar.fina,uni077B.fina,,1551,,
yehbarreeThreeabove-ar.medi,uni077B.medi,,1552,,
yehbarreeThreeabove-ar.init,uni077B.init,,1553,,
yehRohingya-ar,uni08AC,08AC,1555,,
yehRohingya-ar.fina,uni08AC.fina,,1556,,
highhamzaYeh-ar,uni0678,0678,1557,,
highhamzaYeh-ar.fina,uni0678.fina,,1558,,
highhamzaYeh-ar.medi,uni0678.medi,,1559,,
highhamzaYeh-ar.init,uni0678.init,,1560,,
kashida-ar,uni0640,0640,1561,,
absAutoKashida,absAutoKashida,,1562,,
kashidaHamza-ar,uni0883,0883,1562.1,,
kashidaWaw-ar,uni0884,0884,1562.2,,
kashidaTwobelow-ar,uni0885,0885,1562.3,,
sallallahouAlayheWassallamcomb-ar,uni0610,0610,1563,,
alayheAssallamcomb-ar,uni0611,0611,1564,,
takhallusabove-ar,uni0614,0614,1565,,
tahabove-ar,uni0615,0615,1566,,
alefLamYehabove-ar,uni0616,0616,1567,,
zainabove-ar,uni0617,0617,1568,,
fathasmall-ar,uni0618,0618,1569,,
dammasmall-ar,uni0619,0619,1570,,
kasrasmall-ar,uni061A,061A,1571,,
threedots-ar,uni061E,061E,1572,,
endoftext-ar,uni061D,061D,1572.1,,
wavyhamzabelow-ar,uni065F,065F,1574,,
alefabove-ar,uni0670,0670,1575,,
alefabove-ar.large,uni0670.large,,1576,,"cv76=1,2"
alefbelow-ar,uni0656,0656,1577,,
hamzaabove-ar,uni0654,0654,1578,,
hamzabelow-ar,uni0655,0655,1580,,
fathatan-ar,uni064B,064B,1581,,
dammatan-ar,uni064C,064C,1582,,
dammatan-ar.sixNine,uni064C.sixNine,,1583,rhg,cv72=1
kasratan-ar,uni064D,064D,1584,,
kasratan-ar.lowered,uni064D.lowered,,1585,,
fatha-ar,uni064E,064E,1586,,
damma-ar,uni064F,064F,1588,,
damma-ar.filled,uni064F.filled,,1589,,"cv70=1,2"
damma-ar.short,uni064F.short,,1590,wo,cv70=2
kasra-ar,uni0650,0650,1592,,
kasra-ar.lowered,uni0650.lowered,,1593,,
shadda-ar,uni0651,0651,1594,,
sukun-ar,uni0652,0652,1595,,
sukun-ar.downOpen,uni0652.downOpen,,1596,,cv78=1
sukun-ar.leftOpen,uni0652.leftOpen,,1597,,cv78=2
madda-ar,uni0653,0653,1598,,
madda-ar.small,uni0653.small,,1599,,cv60=1
maddawaajib-ar,uni089C,089C,1599.1,,
alefmokhassasabove-ar,uni089D,089D,1599.2,,
maddadoubled-ar,uni089E,089E,1599.3,,
halfmaddaovermadda-ar,uni089F,089F,1599.4,,
noonghunnaabove-ar,uni0658,0658,1600,,
dammainverted-ar,uni0657,0657,1601,,
dammainverted-ar.open,uni0657.open,,1603,,"cv74=1,2"
fathaHorizont-ar,uni0659,0659,1605,,
vabove-ar,uni065A,065A,1606,,
vinvertedabove-ar,uni065B,065B,1607,,
dotvowelbelow-ar,uni065C,065C,1608,,
dammareversed-ar,uni065D,065D,1610,,
fathatwodots-ar,uni065E,065E,1611,,
sadLamAlefMaksuraabove-ar,uni06D6,06D6,1612,,
qafLamAlefMaksuraabove-ar,uni06D7,06D7,1613,,
meemabove-ar,uni06D8,06D8,1614,,
meemStopabove-ar,uni06E2,06E2,1615,,
lamAlefabove-ar,uni06D9,06D9,1616,,
jeemabove-ar,uni06DA,06DA,1617,,
threedotsabove-ar,uni06DB,06DB,1618,,
seenabove-ar,uni06DC,06DC,1619,,
hizb-ar,uni06DE,06DE,1620,,
sukunround-ar,uni06DF,06DF,1621,,
sukunoval-ar,uni06E0,06E0,1622,,
hahabove-ar,uni06E1,06E1,1623,,# cv92
seenbelow-ar,uni06E3,06E3,1624,,
maddalong-ar,uni06E4,06E4,1625,,
wawSmall-ar,uni06E5,06E5,1626,,
yehSmall-ar,uni06E6,06E6,1627,,
yehabove-ar,uni06E7,06E7,1628,,
noonabove-ar,uni06E8,06E8,1629,,
wawbelow-ar,uni08D3,08D3,1630,,
arrubabove-ar,uni08D4,08D4,1631,,
sadabove-ar,uni08D5,08D5,1632,,
ainabove-ar,uni08D6,08D6,1633,,
qafabove-ar,uni08D7,08D7,1634,,
noonKasraabove-ar,uni08D8,08D8,1635,,
noonKasrabelow-ar,uni08D9,08D9,1636,,
aththalathaabove-ar,uni08DA,08DA,1637,,
assajdaabove-ar,uni08DB,08DB,1638,,
annisfabove-ar,uni08DC,08DC,1639,,
saktaabove-ar,uni08DD,08DD,1640,,
qifabove-ar,uni08DE,08DE,1641,,
waqfaabove-ar,uni08DF,08DF,1642,,
aljuzabove-ar,uni0898,0898,1642.1,,
ishmaambelow-ar,uni0899,0899,1642.2,,
imaalabelow-ar,uni089A,089A,1642.3,,
tasheel-ar,uni089B,089B,1642.4,,
footnotemarkerabove-ar,uni08E0,08E0,1643,,
safhaabove-ar,uni08E1,08E1,1644,,
sajdah-ar,uni06E9,06E9,1645,,
rhombusStopbelow-ar,uni06EA,06EA,1646,,
rhombusStopabove-ar,uni06EB,06EB,1647,,
dotStopabove-ar,uni06EC,06EC,1648,,
meembelow-ar,uni06ED,06ED,1649,,
yehSmall-farsi,uni08C9,08C9,1649.1,,
yehabove-farsi,uni08CA,08CA,1649.2,,
yehbarreeTwobelowabove-ar,uni08CB,08CB,1649.3,,
sahabove-ar,uni08CC,08CC,1649.4,,
zahabove-ar,uni08CD,08CD,1649.5,,
largerounddotabove-ar,uni08CE,08CE,1649.6,,
largerounddotbelow-ar,uni08CF,08CF,1649.7,,
sukunbelow-ar,uni08D0,08D0,1649.8,,
largecirclebelow-ar,uni08D1,08D1,1649.9,,
largerounddotinsidecirclebelow-ar,uni08D2,08D2,1649.91,,
zero-ar,uni0660,0660,1650,,
zero-ar.medium,uni0660.medium,,1651,,
zero-ar.small,uni0660.small,,1652,,
one-ar,uni0661,0661,1653,,
one-ar.medium,uni0661.medium,,1654,,
one-ar.small,uni0661.small,,1655,,
two-ar,uni0662,0662,1656,,
two-ar.medium,uni0662.medium,,1657,,
two-ar.small,uni0662.small,,1658,,
three-ar,uni0663,0663,1659,,
three-ar.medium,uni0663.medium,,1660,,
three-ar.small,uni0663.small,,1661,,
four-ar,uni0664,0664,1662,,
four-ar.medium,uni0664.medium,,1663,,
four-ar.small,uni0664.small,,1664,,
five-ar,uni0665,0665,1666,,
five-ar.medium,uni0665.medium,,1667,,
five-ar.small,uni0665.small,,1668,,
six-ar,uni0666,0666,1669,,
six-ar.medium,uni0666.medium,,1670,,
six-ar.small,uni0666.small,,1671,,
seven-ar,uni0667,0667,1672,,
seven-ar.medium,uni0667.medium,,1673,,
seven-ar.small,uni0667.small,,1674,,
eight-ar,uni0668,0668,1675,,
eight-ar.medium,uni0668.medium,,1676,,
eight-ar.small,uni0668.small,,1677,,
nine-ar,uni0669,0669,1678,,
nine-ar.medium,uni0669.medium,,1679,,
nine-ar.small,uni0669.small,,1680,,
zero-persian,uni06F0,06F0,1681,,
zero-persian.medium,uni06F0.medium,,1682,,
zero-persian.small,uni06F0.small,,1683,,
one-persian,uni06F1,06F1,1684,,
one-persian.medium,uni06F1.medium,,1685,,
one-persian.small,uni06F1.small,,1686,,
two-persian,uni06F2,06F2,1687,,
two-persian.medium,uni06F2.medium,,1688,,
two-persian.small,uni06F2.small,,1689,,
three-persian,uni06F3,06F3,1690,,
three-persian.medium,uni06F3.medium,,1691,,
three-persian.small,uni06F3.small,,1692,,
four-persian,uni06F4,06F4,1693,,
four-persian.medium,uni06F4.medium,,1694,,
four-persian.small,uni06F4.small,,1695,,
four-persian.urdu,uni06F4.urdu,,1696,ur,cv82=2
four-persian.urdu.medium,uni06F4.urdu.medium,,1697,ur,
four-persian.urdu.small,uni06F4.urdu.small,,1698,ur,
four-persian.roh,uni06F4.roh,,1699,rhg,cv82=4
four-persian.roh.medium,uni06F4.roh.medium,,1700,rhg,
four-persian.roh.small,uni06F4.roh.small,,1701,rhg,
five-persian,uni06F5,06F5,1702,,
five-persian.medium,uni06F5.medium,,1703,,
five-persian.small,uni06F5.small,,1704,,
six-persian,uni06F6,06F6,1705,,
six-persian.medium,uni06F6.medium,,1706,,
six-persian.small,uni06F6.small,,1707,,
six-persian.urdu,uni06F6.urdu,,1708,"sd,ur,rhg","cv82=1,2,4"
six-persian.urdu.medium,uni06F6.urdu.medium,,1709,"sd,ur,rhg",
six-persian.urdu.small,uni06F6.urdu.small,,1710,"sd,ur,rhg",
seven-persian,uni06F7,06F7,1711,,
seven-persian.medium,uni06F7.medium,,1712,,
seven-persian.small,uni06F7.small,,1713,,
seven-persian.urdu,uni06F7.urdu,,1714,"sd,ur,rhg","cv82=1,2,4"
seven-persian.urdu.medium,uni06F7.urdu.medium,,1715,"sd,ur,rhg",
seven-persian.urdu.small,uni06F7.urdu.small,,1716,"sd,ur,rhg",
eight-persian,uni06F8,06F8,1717,,
eight-persian.medium,uni06F8.medium,,1718,,
eight-persian.small,uni06F8.small,,1719,,
nine-persian,uni06F9,06F9,1720,,
nine-persian.medium,uni06F9.medium,,1721,,
nine-persian.small,uni06F9.small,,1722,,
fullstop-ar,uni06D4,06D4,1723,,
comma-ar,uni060C,060C,1724,,
comma-ar.downward,uni060C.downward,,1725,sd,cv84=1
commareversed,uni2E41,2E41,1726,,
semicolon-ar,uni061B,061B,1727,,
semicolon-ar.downward,uni061B.downward,,1728,sd,cv84=1
reversedsemicolon,uni204F,204F,1729,,
mark-ar,uni061C,061C,1730,,# invs
question-ar,uni061F,061F,1731,,
percent-ar,uni066A,066A,1732,,
number-ar,uni0600,0600,1733,,
number-ar.2,uni0600.2,,1734,,
number-ar.3,uni0600.3,,1735,,
decimalseparator-ar,uni066B,066B,1736,,
decimalseparator-ar.slash,uni066B.slash,,1736.1,,cv85=1
thousandseparator-ar,uni066C,066C,1737,,
asterisk-ar,uni066D,066D,1738,,
parenleft-ar,uniFD3E,FD3E,1739,,
parenright-ar,uniFD3F,FD3F,1740,,
year-ar,uni0601,0601,1741,,
year-ar.2,uni0601.2,,1742,,
year-ar.3,uni0601.3,,1743,,
year-ar.4,uni0601.4,,1744,,
footnotemarker-ar,uni0602,0602,1745,,
footnotemarker-ar.2,uni0602.2,,1746,,
pagenumber-ar,uni0603,0603,1747,,
pagenumber-ar.2,uni0603.2,,1748,,
pagenumber-ar.3,uni0603.3,,1749,,
pagenumber-ar.4,uni0603.4,,1750,,
samvat-ar,uni0604,0604,1751,,
samvat-ar.2,uni0604.2,,1752,,
samvat-ar.3,uni0604.3,,1753,,
samvat-ar.4,uni0604.4,,1754,,
numbermark-ar,uni0605,0605,1755,,
numbermark-ar.2,uni0605.2,,1756,,
numbermark-ar.3,uni0605.3,,1757,,
numbermark-ar.4,uni0605.4,,1758,,
poundmarkabove-ar,uni0890,0890,1758.1,,
poundmarkabove-ar.2,uni0890.2,,1758.2,,
poundmarkabove-ar.3,uni0890.3,,1758.3,,
poundmarkabove-ar.4,uni0890.4,,1758.4,,
piastremarkabove-ar,uni0891,0891,1758.5,,
piastremarkabove-ar.2,uni0891.2,,1758.6,,
piastremarkabove-ar.3,uni0891.3,,1758.7,,
piastremarkabove-ar.4,uni0891.4,,1758.8,,
cuberoot-ar,uni0606,0606,1759,,
fourthroot-ar,uni0607,0607,1760,,
ray-ar,uni0608,0608,1761,,
perthousand-ar,uni0609,0609,1762,,
pertenthousand-ar,uni060A,060A,1763,,
afghani-ar,uni060B,060B,1764,,
dateseparator-ar,uni060D,060D,1765,,
verseComma-ar,uni060E,060E,1766,,
misraComma-ar,uni060F,060F,1767,,
sindhiampersand-ar,uni06FD,06FD,1768,,
sindhipostpositionmen-ar,uni06FE,06FE,1769,,
endofayah-ar,uni06DD,06DD,1770,,
endofayah-ar.2,uni06DD.2,,1771,,
endofayah-ar.3,uni06DD.3,,1772,,
endofayah-ar.alt,uni06DD.alt,,1773,,cv80=1
endofayah-ar.altB,uni06DD.altB,,1774,,cv80=2
endofayah-ar.alt.2,uni06DD.alt.2,,1775,,
endofayah-ar.alt.3,uni06DD.alt.3,,1776,,
endofayah-ar.altB.2,uni06DD.altB.2,,1777,,
endofayah-ar.altB.3,uni06DD.altB.3,,1778,,
disputedendofayah-ar,uni08E2,08E2,1787,,
disputedendofayah-ar.2,uni08E2.2,,1787.1,,
disputedendofayah-ar.3,uni08E2.3,,1787.2,,
allah-ar,uniFDF2,FDF2,1788,,
alef-ar.allah,uni0627.allah,,1790.1,,
alef-ar.fina.allah,uni0627.fina.allah,,1790.2,,
alefWasla-ar.allah,uni0671.allah,,1791.1,,
alefWasla-ar.fina.allah,uni0671.fina.allah,,1791.2,,
lam-ar.init.allah1,uni0644.init.allah1,,1792,,
lam-ar.medi.allah1,uni0644.medi.allah1,,1793,,
lam-ar.medi.allah2,uni0644.medi.allah2,,1794,,
heh-ar.fina.allah,uni0647.fina.allah,,1798,,
hehgoal-ar.fina.allah,uni06C1.fina.allah,,1799,,
allahlong-ar,uniFDFA,FDFA,1807,,
allahlong-ar.smpl,uniFDFA.smpl,,1808,,cv81=1
jallajalalouhou-ar,uniFDFB,FDFB,1809,,
jallajalalouhou-ar.smpl,uniFDFB.smpl,,1810,,cv81=1
rial,uniFDFC,FDFC,1811,,
bismillah-ar,uniFDFD,FDFD,1812,,
bismillah-ar.smpl,uniFDFD.smpl,,1813,,cv81=1
salaamuhuAlaynaa-ar,uniFDCF,FDCF,1814,,
salaamuhuAlaynaa-ar.smpl,uniFDCF.smpl,,1815,,cv81=1
alayhiAsSalaam-ar,uniFD47,FD47,1816,,
alayhiAsSalaam-ar.smpl,uniFD47.smpl,,1817,,cv81=1
alayhimAsSalaam-ar,uniFD48,FD48,1818,,
alayhimAsSalaam-ar.smpl,uniFD48.smpl,,1819,,cv81=1
alayhaaAsSalaam-ar,uniFD4D,FD4D,1820,,
alayhaaAsSalaam-ar.smpl,uniFD4D.smpl,,1821,,cv81=1
rahimahuAllaah-ar,uniFD40, FD40,1822,,
rahimahuAllaah-ar.smpl,uniFD40.smpl,,1823,,cv81=1
radiAllaahuAnh-ar,uniFD41, FD41,1824,,
radiAllaahuAnh-ar.smpl,uniFD41.smpl,,1825,,cv81=1
radiAllaahuAnhaa-ar,uniFD42, FD42,1826,,
radiAllaahuAnhaa-ar.smpl,uniFD42.smpl,,1827,,cv81=1
radiAllaahuAnhum-ar,uniFD43, FD43,1828,,
radiAllaahuAnhum-ar.smpl,uniFD43.smpl,,1829,,cv81=1
radiAllaahuAnhumaa-ar,uniFD44, FD44,1830,,
radiAllaahuAnhumaa-ar.smpl,uniFD44.smpl,,1831,,cv81=1
radiAllaahuAnhunna-ar,uniFD45, FD45,1832,,
radiAllaahuAnhunna-ar.smpl,uniFD45.smpl,,1833,,cv81=1
sallallaahuAlayhiWaAalih-ar,uniFD46,FD46,1834,,
sallallaahuAlayhiWaAalih-ar.smpl,uniFD46.smpl,,1835,,cv81=1
alayhimaaAsSalaam-ar,uniFD49,FD49,1836,,
alayhimaaAsSalaam-ar.smpl,uniFD49.smpl,,1837,,cv81=1
alayhiAsSalaatuWaSalaam-ar,uniFD4A,FD4A,1838,,
alayhiAsSalaatuWaSalaam-ar.smpl,uniFD4A.smpl,,1839,,cv81=1
quddisaSirrah-ar,uniFD4B,FD4B,1840,,
quddisaSirrah-ar.smpl,uniFD4B.smpl,,1841,,cv81=1
sallallahuAlayhiWaAaliheeWaSallam-ar,uniFD4C,FD4C,1842,,
sallallahuAlayhiWaAaliheeWaSallam-ar.smpl,uniFD4C.smpl,,1843,,cv81=1
subhaanahuWaTaaalaa-ar,uniFDFE,FDFE,1844,,
subhaanahuWaTaaalaa-ar.smpl,uniFDFE.smpl,,1845,,cv81=1
azzaWaJall-ar,uniFDFF,FDFF,1846,,
azzaWaJall-ar.smpl,uniFDFF.smpl,,1847,,cv81=1
tabaarakaWaTaaalaa-ar,uniFD4E,FD4E,1848,,
tabaarakaWaTaaalaa-ar.smpl,uniFD4E.smpl,,1849,,cv81=1
rahimahumAllaah-ar,uniFD4F,FD4F,1850,,
rahimahumAllaah-ar.smpl,uniFD4F.smpl,,1851,,cv81=1
dammaturnedbelow-ar,uni08E3,08E3,1852,,
fathaCurly-ar,uni08E4,08E4,1853,,
dammaCurly-ar,uni08E5,08E5,1854,,
kasraCurly-ar,uni08E6,08E6,1855,,
fathatanCurly-ar,uni08E7,08E7,1856,,
dammatanCurly-ar,uni08E8,08E8,1857,,
kasratanCurly-ar,uni08E9,08E9,1858,,
toneonedotabove-ar,uni08EA,08EA,1859,,
tonetwodotsabove-ar,uni08EB,08EB,1860,,
toneloopabove-ar,uni08EC,08EC,1861,,
toneonedotbelow-ar,uni08ED,08ED,1862,,
tonetwodotsbelow-ar,uni08EE,08EE,1863,,
toneloopbelow-ar,uni08EF,08EF,1864,,
openfathatan-ar,uni08F0,08F0,1865,,
opendammatan-ar,uni08F1,08F1,1866,,
openkasratan-ar,uni08F2,08F2,1867,,
highwaw-ar,uni08F3,08F3,1868,,
fathaRing-ar,uni08F4,08F4,1869,,
fathaDotabove-ar,uni08F5,08F5,1870,,
kasraDotbelow-ar,uni08F6,08F6,1871,,
leftarrowheadabove-ar,uni08F7,08F7,1872,,
rightarrowheadabove-ar,uni08F8,08F8,1873,,
leftarrowheadbelow-ar,uni08F9,08F9,1874,,
rightarrowheadbelow-ar,uni08FA,08FA,1875,,
doublerightarrowheadabove-ar,uni08FB,08FB,1876,,
doublerightarrowheadDotabove-ar,uni08FC,08FC,1877,,
rightarrowheadDotabove-ar,uni08FD,08FD,1878,,
dammaDot-ar,uni08FE,08FE,1879,,
marksidewaysnoonghunna-ar,uni08FF,08FF,1880,,# cv92=1
damma_meem-ar,uni064F06E2,064F_06E2,1881,,
fatha_meem-ar,uni064E06E2,064E_06E2,1882,,
hamza_fatha-ar,uni0654064E,0654_064E,1883,,
hamza_damma-ar,uni0654064F,0654_064F,1884,,
hamza_damma-ar.filled,uni0654064F.filled,,1885,,cv70=1
hamza_damma-ar.short,uni0654064F.short,,1886,wo,cv70=2
kasra_meem-ar,uni065006E2,0650_06E2,1887,,
shadda_alef-ar,uni06510670,0651_0670,1888,,
shadda_fathatan-ar,uni0651064B,0651_064B,1889,,
shadda_dammatan-ar,uni0651064C,0651_064C,1890,,
shadda_dammatan-ar.sixNine,uni0651064C.sixNine,,1891,rhg,cv72=1
shadda_kasratan-ar,uni0651064D,0651_064D,1892,"sd,ur,ku",cv62=2
shadda_fatha-ar,uni0651064E,0651_064E,1893,,
shadda_damma-ar,uni0651064F,0651_064F,1894,,
shadda_damma-ar.filled,uni0651064F.filled,,1895,,cv70=1
shadda_damma-ar.short,uni0651064F.short,,1896,wo,cv70=2
shadda_kasra-ar,uni06510650,0651_0650,1897,"sd,ur,ku",cv62=2
enquad,uni2000,2000,1898,,
emquad,uni2001,2001,1899,,
enspace,uni2002,2002,1900,,
emspace,uni2003,2003,1901,,
threeperemspace,uni2004,2004,1902,,
fourperemspace,uni2005,2005,1903,,
sixperemspace,uni2006,2006,1904,,
figurespace,uni2007,2007,1905,,
punctuationspace,uni2008,2008,1906,,
thinspace,uni2009,2009,1907,,
hairspace,uni200A,200A,1908,,
zerowidthspace,uni200B,200B,1909,,
zerowidthnonjoiner,uni200C,200C,1910,,# invs
zerowidthjoiner,uni200D,200D,1911,,# invs
zeroWidthNoBreakSpace,uniFEFF,FEFF,1912,,
lefttorightmark,uni200E,200E,1913,,# invs
righttoleftmark,uni200F,200F,1914,,# invs
nonbreakinghyphen,uni2011,2011,1915,,
figuredash,figuredash,2012,1916,,
endash,endash,2013,1917,,
emdash,emdash,2014,1918,,
horizontalbar,uni2015,2015,1919,,
quoteleft,quoteleft,2018,1920,,
quoteright,quoteright,2019,1922,,
quotereversed,quotereversed,201B,1923.1,,
quotesinglbase,quotesinglbase,201A,1924,,
quotedblleft,quotedblleft,201C,1925,,
quotedblrightreversed,quotedblrightreversed,201F,1926.1,,
quotedblright,quotedblright,201D,1927,,
quotedblbase,quotedblbase,201E,1929,,
dagger,dagger,2020,1930,,
daggerdbl,daggerdbl,2021,1931,,
bullet,bullet,2022,1932,,
ellipsis,ellipsis,2026,1933,,
hyphenationpoint,uni2027,2027,1934,,
lineseparator,uni2028,2028,1935,,
paragraphseparator,uni2029,2029,1936,,
lefttorightembedding,uni202A,202A,1937,,# invs
righttoleftembedding,uni202B,202B,1938,,# invs
popdirectionalformatting,uni202C,202C,1939,,# invs
lefttorightoverride,uni202D,202D,1940,,# invs
righttoleftoverride,uni202E,202E,1941,,# invs
narrownbspace,uni202F,202F,1942,,
perthousand,perthousand,2030,1943,,
guilsinglleft,guilsinglleft,2039,1944.1,,
guilsinglleft.latn,guilsinglleft.latn,,1944.2,,
guilsinglright,guilsinglright,203A,1945.1,,
guilsinglright.latn,guilsinglright.latn,,1945.2,,
fraction,fraction,2044,1946,,
wordjoiner,uni2060,2060,1947,,
lefttorightisolate,uni2066,2066,1948,,# invs
righttoleftisolate,uni2067,2067,1949,,# invs
firststrongisolate,uni2068,2068,1950,,# invs
popdirectionalisolate,uni2069,2069,1951,,# invs
inhibitformshaping-ar,uni206C,206C,1952,,
activateformshaping-ar,uni206D,206D,1953,,
euro,Euro,20AC,1954,,
trademark,trademark,2122,1956,,
Ohm,Omega,2126,1957,,
partialdiff,partialdiff,2202,1958,,
partialdiff.rtl,partialdiff.rtl,,1959,,
Delta,Delta,2206,1960,,
product,product,220F,1961,,
summation,summation,2211,1962,,
summation.rtl,summation.rtl,,1963,,
minus,minus,2212,1964,,
divisionslash,uni2215,2215,1965,,
reverseSolidusOperator,uni29F5,29F5,1966,,
bulletoperator,uni2219,2219,1967,,
radical,radical,221A,1968,,
radical.rtl,radical.rtl,,1969,,
infinity,infinity,221E,1970,,
integral,integral,222B,1971,,
integral.rtl,integral.rtl,,1972,,
approxequal,approxequal,2248,1973,,
approxequal.rtl,approxequal.rtl,,1974,,
notequal,notequal,2260,1975,,
notequal.rtl,notequal.rtl,,1976,,
lessequal,lessequal,2264,1977,,
greaterequal,greaterequal,2265,1978,,
blank,uni2423,2423,1979,,
lozenge,lozenge,25CA,1980,,
dottedCircle,uni25CC,25CC,1981,,
FontBslnSideBrngMrkrLft,uniF130,F130,1982,,
FontBslnSideBrngMrkrRt,uniF131,F131,1983,,
fi,fi,FB01,1984,,
fl,fl,FB02,1985,,
VS1,uniFE00,FE00,1986,,# invs
VS2,uniFE01,FE01,1987,,# invs
VS3,uniFE02,FE02,1988,,# invs
VS4,uniFE03,FE03,1989,,# invs
VS5,uniFE04,FE04,1990,,# invs
VS6,uniFE05,FE05,1991,,# invs
VS7,uniFE06,FE06,1992,,# invs
VS8,uniFE07,FE07,1993,,# invs
VS9,uniFE08,FE08,1994,,# invs
VS10,uniFE09,FE09,1995,,# invs
VS11,uniFE0A,FE0A,1996,,# invs
VS12,uniFE0B,FE0B,1997,,# invs
VS13,uniFE0C,FE0C,1998,,# invs
VS14,uniFE0D,FE0D,1999,,# invs
VS15,uniFE0E,FE0E,2000,,# invs
VS16,uniFE0F,FE0F,2001,,# invs
objectReplacementCharacter,uniFFFC,FFFC,2002,,
replacementCharacter,uniFFFD,FFFD,2003,,
_bar,_bar,,2016,,
_bar2,_bar2,,2017,,
_damma,_damma,,2018,,
_damma.filled,_damma.filled,,2019,,
_dot1,_dot1,,2020,,
_dot1_hat,_dot1_hat,,2026,,
_dot1_smallV,_dot1_smallV,,2027,,
_dot1_tah,_dot1_tah,,2028,,
_dot1_dot3u,_dot1_dot3u,,2029,,
_dot1_dot3d,_dot1_dot3d,,2030,,
_dot2h,_dot2h,,2031,,
_dot2h_smallV,_dot2h_smallV,,2033,,
_dot2h_tah,_dot2h_tah,,2036,,
_dot2v,_dot2v,,2037,,
_dot3d,_dot3d,,2040,,
_dot3h,_dot3h,,2044,,
_dot3u,_dot3u,,2045,,
_dot4,_dot4,,2051,,
_dotCircular,_dotCircular,,2052,,
_four,_four,,2053,,
_gafBar,_gafBar,,2054,,
_gafBar_dot2h,_gafBar_dot2h,,2056,,
_gafBar_dot3u,_gafBar_dot3u,,2057,,
_gafBarCenter,_gafBarCenter,,2058,,
_gafBarShort,_gafBarShort,,2059,,
_gafBarShort_dot2h,_gafBarShort_dot2h,,2060,,
_gafBarShort_dot3u,_gafBarShort_dot3u,,2061,,
_hamza,_hamza,,2062,,
_hamzaDamma,_hamzaDamma,,2063,,
_hamzaDamma.filled,_hamzaDamma.filled,,2064,,
_hamzaComma,_hamzaComma,,2065,,
_elongatedHamza,_elongatedHamza,,2074.1,,
_hat,_hat,,2075,,
_highHamza,_highHamza,,2076,,
_invSmallV,_invSmallV,,2077,,
_kafSquiggle,_kafSquiggle,,2078,,
_lines,_lines,,2079,,
_madda,_madda,,2080,,
_madda.small,_madda.small,,2081,,
_meem,_meem,,2082,,
_noon,_noon,,2083,,
_ring,_ring,,2084,,
_smallV,_smallV,,2085,,
_smallv.cal,_smallv.cal,,2085.1,,
_straightBar,_straightBar,,2086,,
_tah,_tah,,2087,,
_tah_smallV,_tah_smallV,,2088,,
_teh,_teh,,2091,,
_three,_three,,2092,,
_two,_two,,2093,,
_uComma,_uComma,,2094,,
_comma.cal,_comma.cal,,2094.1,,
_vline,_vline,,2095,,
_wasla,_wasla,,2096,,
_wavyHamza,_wavyHamza,,2097,,
_allah.cal,_allah.cal,,2098,,
_dot1.cal,_dot1.cal,,2099,,
_dot2h.cal,_dot2h.cal,,2100,,
_dot2v.cal,_dot2v.cal,,2101,,
_fatha-kasra.cal,_fatha-kasra.cal,,2102,,
_damma.cal,_damma.cal,,2103,,
_shadda.cal,_shadda.cal,,2104,,
_sukun.cal,_sukun.cal,,2105,,
